coding_format,collection_platform,collection_required,data_scope,data_type,description,description_status,domain,field_category,field_class,field_type,full_instrument_name,loris_required,name,option_labels,option_values,question,redcap_branching_logic,redcap_custom_alignment,redcap_field_annotation,redcap_identifier,redcap_matrix_group_name,redcap_matrix_ranking,redcap_question_number,redcap_required,redcap_text_validation_max,redcap_text_validation_min,redcap_text_validation_type,source_field,source_from,source_respondent,study
,,,Candidate,String,md5hash magically created by NeuroDB::File,Unchanged,,Admin,Nominal,Text,,,md5hash,,,,,,,,,,,,,,,parameter_file.Value,parameter_file,,
,,,Candidate,String,Identifier_of_candidate,Unchanged,,Admin,Nominal,Text,,,candidate_label,,,,,,,,,,,,,,,PSCID,candidate,,
,,,Candidate,String,Visit_label,Unchanged,,Admin,Nominal,Text,,,Visit_label,,,,,,,,,,,,,,,visit_label,session,,
,,,Candidate,Date,Candidate_Dob,Unchanged,,Admin,Nominal,Text,,,candidate_dob,,,,,,,,,,,,,,,DoB,candidate,,
,,,Candidate,String,"Nominal reconstructed slice thickness (for tomographic imaging) or depth of field (for optical non-tomographic imaging), in mm. DICOM:0018_0050",Unchanged,,Admin,Nominal,Text,,,slice_thickness,,,,,,,,,,,,,,,,parameter_file,,
,,,Candidate,String,"Text description of the part of the body examined. Some IODs support the Anatomic Region Sequence (0008,2218), which can provide a more comprehensive mechanism for specifying the body part being examined. DICOM:0018_0015",Unchanged,,Admin,Nominal,Text,,,dicom_0x0018:el_0x0015,,,,,,,,,,,,,,,,parameter_file,,
,,,Candidate,String,The maximum number of Slices that may exist in this Series. DICOM:0054_0081,Unchanged,,Admin,Nominal,Text,,,acquisition:num_slices,,,,,,,,,,,,,,,,parameter_file,,
,,,Candidate,String,"Reciprocal of the total sampling period, in hertz per pixel. DICOM:0018_0095",Unchanged,,Admin,Nominal,Text,,,pixel_bandwidth,,,,,,,,,,,,,,,,parameter_file,,
,,,Candidate,String,Dimensions of the acquired frequency/phase data before reconstruction. Multi-valued: frequency rowsfrequency columnsphase rowsphase columns. DICOM:0018_1310,Unchanged,,Admin,Nominal,Text,,,acquisition_matrix,,,,,,,,,,,,,,,,parameter_file,,
,,,Candidate,String,User or equipment generated Study identifier. DICOM:0020_0010,Unchanged,,Admin,Nominal,Text,,,study_id,,,,,,,,,,,,,,,,parameter_file,,
,,,Candidate,String,Type of equipment that originally acquired the data used to create images or related objects. DICOM:0008_0060,Unchanged,,Admin,Nominal,Text,,,modality,,,,,,,,,,,,,,,,parameter_file,,
,,,Candidate,String,Variant of the Scanning Sequence. DICOM:0018_0021,Unchanged,,Admin,Nominal,Text,,,sequence_variant,,,,,,,,,,,,,,,,parameter_file,,
,,,Candidate,String,Identification of data encoding scheme. DICOM:0018_0023,Unchanged,,Admin,Nominal,Text,,,mr_acquisition_type,,,,,,,,,,,,,,,,parameter_file,,
,,,Candidate,String,Number of samples (planes) in this image. DICOM:0028_0002,Unchanged,,Admin,Nominal,Text,,,dicom_0x0028:el_0x0002,,,,,,,,,,,,,,,,parameter_file,,
,,,Candidate,String,Set of identifiers used to determine to which candidate the scan belongs to. DICOM:0010_0010,Unchanged,,Admin,Nominal,Text,,,patient_name,,,,,,,,,,,,,,,,parameter_file,,
,,,Candidate,String,Specifies the intended interpretation of the pixel data. DICOM:0028_0004,Unchanged,,Admin,Nominal,Text,,,dicom_0x0028:el_0x0004,,,,,,,,,,,,,,,,parameter_file,,
,,,Candidate,String,Time on which the Performed Procedure Step started. DICOM:0040_0245,Unchanged,,Admin,Nominal,Text,,,acquisition:start_time,,,,,,,,,,,,,,,,parameter_file,,
,,,Candidate,String,"Total number of lines in k-space in the ""y"" direction collected during acquisition. DICOM:0018_0089",Unchanged,,Admin,Nominal,Text,,,number_of_phase_encoding_steps,,,,,,,,,,,,,,,,parameter_file,,
,,,Candidate,String,"Ratio of field of view dimension in phase direction to field of view dimension in frequency direction, expressed as a percent. DICOM:0018_0094",Unchanged,,Admin,Nominal,Text,,,percent_phase_field_of_view,,,,,,,,,,,,,,,,parameter_file,,
,,,Candidate,String,The field within a Data Element that contains the Value(s) of that Data Element. DICOM:0000_0060,Unchanged,,Admin,Nominal,Text,,,study:field_value,,,,,,,,,,,,,,,,parameter_file,,
,,,Candidate,String,The maximum actual pixel value encountered in this image. DICOM:0028_0107,Unchanged,,Admin,Nominal,Text,,,largest_pixel_image_value,,,,,,,,,,,,,,,,parameter_file,,
,,,Candidate,String,Manufacturers designation of software version of the equipment that produced the composite instances. DICOM:0018_1020,Unchanged,,Admin,Nominal,Text,,,software_versions,,,,,,,,,,,,,,,,parameter_file,,
,,,Candidate,String,"Spacing between slices, in mm, measured from center-to-center of each slice along the normal to the first image. The sign of the Spacing Between Slices (0018,0088) determines the direction of stacking. The normal is determined by the cross product of the direction cosines of the first row and first column of the first frame, such that a positive spacing indicates slices are stacked behind the first slice and a negative spacing indicates slices are stacked in front of the first slice. DICOM:0018_0088",Unchanged,,Admin,Nominal,Text,,,spacing_between_slices,,,,,,,,,,,,,,,,parameter_file,,
,,,Candidate,String,Name of transmit coil used. DICOM:0018_1251,Unchanged,,Admin,Nominal,Text,,,transmitting_coil,,,,,,,,,,,,,,,,parameter_file,,
,,,Candidate,String,Number of columns in the image. DICOM:0028_0011,Unchanged,,Admin,Nominal,Text,,,cols,,,,,,,,,,,,,,,,parameter_file,,
,,,Candidate,String,Number of times a given pulse sequence is repeated before any parameter is changed. DICOM:0018_0083,Unchanged,,Admin,Nominal,Text,,,number_of_averages,,,,,,,,,,,,,,,,parameter_file,,
,,,Candidate,String,Description of the type of data taken. DICOM:0018_0020,Unchanged,,Admin,Nominal,Text,,,scanning_sequence,,,,,,,,,,,,,,,,parameter_file,,
,,,Candidate,String,Data representation of the pixel samples. Each sample shall have the same pixel representation. DICOM:0028_0103,Unchanged,,Admin,Nominal,Text,,,pixel_representation,,,,,,,,,,,,,,,,parameter_file,,
,,,Candidate,String,The axes of the in-plane phase encoding with respect to the frame. DICOM:0018_1312,Unchanged,,Admin,Nominal,Text,,,phase_encoding_direction,,,,,,,,,,,,,,,,parameter_file,,
,,,Candidate,String,Dose axis units. DICOM:3004_0002,Unchanged,,Admin,Nominal,Text,,,acquisition:dose_units,,,,,,,,,,,,,,,,parameter_file,,
,,,Candidate,String,"Manufacturer of the equipment that produced the composite instances. Corresponds to DICOM Tag 0008, 0070 Manufacturer",Unchanged,,Admin,Nominal,Text,,,manufacturer,,,,,,,,,,,,,,,,parameter_file,,
,,,Candidate,String,Number of bits allocated for each pixel sample. Each sample shall have the same number of bits allocated. DICOM:0028_0100,Unchanged,,Admin,Nominal,Text,,,bits_allocated,,,,,,,,,,,,,,,,parameter_file,,
,,,Candidate,String,"Nucleus that is resonant at the imaging frequency. Examples: 31P, 1H. DICOM:0018_0085",Unchanged,,Admin,Nominal,Text,,,imaged_nucleus,,,,,,,,,,,,,,,,parameter_file,,
,,,Candidate,String,"The x, y, and z coordinates of the upper left hand corner (center of the first voxel transmitted) of the image, in mm. DICOM:0020_0032",Unchanged,,Admin,Nominal,Text,,,image_position_patient,,,,,,,,,,,,,,,,parameter_file,,
,,,Candidate,String,Any arbitrary name of a molecular sequence. DICOM:0018_0024,Unchanged,,Admin,Nominal,Text,,,sequence_name,,,,,,,,,,,,,,,,parameter_file,,
,,,Candidate,String,A number that identifies this Series. DICOM:0020_0011,Unchanged,,Admin,Nominal,Text,,,series_number,,,,,,,,,,,,,,,,parameter_file,,
,,,Candidate,String,Relative position of the image plane expressed in mm. DICOM:0020_1041,Unchanged,,Admin,Nominal,Text,,,slice_location,,,,,,,,,,,,,,,,parameter_file,,
,,,Candidate,String,"Preferred value for Window Center (0028,1050) in the image instances produced by this reconstruction protocol element. DICOM:0028_1050",Unchanged,,Admin,Nominal,Text,,,window_center,,,,,,,,,,,,,,,,parameter_file,,
,,,Candidate,String,"Time in ms between the middle of the excitation pulse and the peak of the echo produced (kx=0). In the case of segmented k-space, the TE(eff) is the time between the middle of the excitation pulse to the peak of the echo that is used to cover the center of k-space (i.e.,-kx=0, ky=0). DICOM:0018_0081",Unchanged,,Admin,Nominal,Text,,,echo_time,,,,,,,,,,,,,,,,parameter_file,,
,,,Candidate,String,"Manufacturer's model name of the equipment that produced the composite instances. Corresponds to DICOM Tag 0008, 1090 Manufacturers Model Name",Unchanged,,Admin,Nominal,Text,,,manufacturer_model_name,,,,,,,,,,,,,,,,parameter_file,,
,,,Candidate,String,Image identification characteristics. DICOM:0008_0008,Unchanged,,Admin,Nominal,Text,,,dicominfo:image_type,,,,,,,,,,,,,,,,parameter_file,,
,,,Candidate,String,Window Width for display. DICOM:0028_1051,Unchanged,,Admin,Nominal,Text,,,window_width,,,,,,,,,,,,,,,,parameter_file,,
,,,Candidate,String,"The period of time in msec between the beginning of a pulse sequence and the beginning of the succeeding (essentially identical) pulse sequence. Required except when Scanning Sequence (0018,0020) is EP and Sequence Variant (0018,0021) is not SK.",Unchanged,,Admin,Nominal,Text,,,repetition_time,,,,,,,,,,,,,,,,parameter_file,,
,,,Candidate,String,Name of receive coil used. DICOM:0018_1250,Unchanged,,Admin,Nominal,Text,,,receiving_coil,,,,,,,,,,,,,,,,parameter_file,,
,,,Candidate,String,Calculated whole body Specific Absorption Rate in watts/kilogram. DICOM:0018_1316,Unchanged,,Admin,Nominal,Text,,,sar,,,,,,,,,,,,,,,,parameter_file,,
,,,Candidate,String,Description of imaging subject's position relative to the equipment. DICOM:0018_5100,Unchanged,,Admin,Nominal,Text,,,patient_position,,,,,,,,,,,,,,,,parameter_file,,
,,,Candidate,String,Explanation of the Window Center and Width. DICOM:0028_1055,Unchanged,,Admin,Nominal,Text,,,window_center_width_explanation,,,,,,,,,,,,,,,,parameter_file,,
,,,Candidate,String,Most significant bit for pixel sample data. Each sample shall have the same high bit. DICOM:0028_0102,Unchanged,,Admin,Nominal,Text,,,high_bit,,,,,,,,,,,,,,,,parameter_file,,
,,,Candidate,String,Number of rows in the image. DICOM:0028_0010,Unchanged,,Admin,Nominal,Text,,,rows,,,,,,,,,,,,,,,,parameter_file,,
,,,Candidate,String,"A number identifying the single continuous gathering of data over a period of time that resulted in this image or instance, which may include multiple bed positions. This number is not required to be unique across SOP Instances in a series. DICOM:0020_0012",Unchanged,,Admin,Nominal,Text,,,acquisition_number,,,,,,,,,,,,,,,,parameter_file,,
,,,Candidate,String,"The echo number used in generating this image. In the case of segmented k-space, it is the effective Echo Number. DICOM:0018_0086",Unchanged,,Admin,Nominal,Text,,,echo_numbers,,,,,,,,,,,,,,,,parameter_file,,
,,,Candidate,String,"Fraction of acquisition matrix lines acquired, expressed as a percent. DICOM:0018_0093",Unchanged,,Admin,Nominal,Text,,,percent_sampling,,,,,,,,,,,,,,,,parameter_file,,
,,,Candidate,String,The direction cosines of the first row and the first column with respect to the patient. DICOM:0020_0037,Unchanged,,Admin,Nominal,Text,,,image_orientation_patient,,,,,,,,,,,,,,,,parameter_file,,
,,,Candidate,String,A number that identifies this SOP Instance. DICOM:0020_0013,Unchanged,,Admin,Nominal,Text,,,instance_number,,,,,,,,,,,,,,,,parameter_file,,
,,,Candidate,String,Number of lines in k-space acquired per excitation of the same volume regardless of the type of echo or the number of frames derived from them. DICOM:0018_0091,Unchanged,,Admin,Nominal,Text,,,echo_train_length,,,,,,,,,,,,,,,,parameter_file,,
,,,Candidate,String,Number of bits stored for each pixel sample. Each sample shall have the same number of bits stored. See PS 3.5 for further explanation. DICOM:0028_0101,Unchanged,,Admin,Nominal,Text,,,bits_stored,,,,,,,,,,,,,,,,parameter_file,,
,,,Candidate,String,Description of the conditions under which the Series was performed. DICOM:0018_1030,Unchanged,,Admin,Nominal,Text,,,protocol_name,,,,,,,,,,,,,,,,parameter_file,,
,,,Candidate,String,User provided description of the Series. DICOM:0008_103E,Unchanged,,Admin,Nominal,Text,,,series_description,,,,,,,,,,,,,,,,parameter_file,,
,,,Candidate,String,Nominal field strength of MR magnet in Tesla. DICOM:0018_0087,Unchanged,,Admin,Nominal,Text,,,magnetic_field_strength,,,,,,,,,,,,,,,,parameter_file,,
,,,Candidate,String,Number of images that resulted from this acquisition of data. DICOM:0020_1002,Unchanged,,Admin,Nominal,Text,,,dicom_0x0020:el_0x1002,,,,,,,,,,,,,,,,parameter_file,,
,,,Candidate,String,Angio Image Indicator. Primary image for Angio processing. Enumerated Values: Y Image is Angio N Image is not Angio. DICOM:0018_0025,Unchanged,,Admin,Nominal,Text,,,dicom_0x0018:el_0x0025,,,,,,,,,,,,,,,,parameter_file,,
,,,Candidate,String,"Specifies whether diffusion conditions for the frame are directional, or isotropic with respect to direction. DICOM:0018_9075",Unchanged,,Admin,Nominal,Text,,,dicom_0x0018:el_0x9075,,,,,,,,,,,,,,,,parameter_file,,
,,,Candidate,String,Unique identifier for the Study. DICOM:0020_000D,Unchanged,,Admin,Nominal,Text,,,study_instance_uid,,,,,,,,,,,,,,,,parameter_file,,
,,,Candidate,String,"Physical distance in the patient between the center of each pixel, specified by a numeric pair - adjacent row spacing (delimiter) adjacent column spacing in mm. DICOM:0028_0030",Unchanged,,Admin,Nominal,Text,,,pixel_spacing,,,,,,,,,,,,,,,,parameter_file,,
,,,Candidate,String,Weight of the patient in kilograms. DICOM:0010_1030,Unchanged,,Admin,Nominal,Text,,,patient:weight,,,,,,,,,,,,,,,,parameter_file,,
,,,Candidate,String,Flip angle variation applied during image acquisition. DICOM:0018_1315,Unchanged,,Admin,Nominal,Text,,,variable_flip_angle_flag,,,,,,,,,,,,,,,,parameter_file,,
,,,Candidate,String,Weight of the patient in kilograms. DICOM:0010_1030,Unchanged,,Admin,Nominal,Text,,,dicom_0x0010:el_0x1030,,,,,,,,,,,,,,,,parameter_file,,
,,,Candidate,String,Precession frequency in MHz of the nucleus being imaged. DICOM:0018_0084,Unchanged,,Admin,Nominal,Text,,,imaging_frequency,,,,,,,,,,,,,,,,parameter_file,,
,,,Candidate,String,Steady state angle in degrees to which the magnetic vector is flipped from the magnetic vector of the primary field. DICOM:0018_1314,Unchanged,,Admin,Nominal,Text,,,acquisition:flip_angle,,,,,,,,,,,,,,,,parameter_file,,
,,,Candidate,String,"Unique identifier for the Series that is part of the Study identified in Study Instance UID (0020,000D), if present, and contains the referenced object instance(s). DICOM:0020_000E",Unchanged,,Admin,Nominal,Text,,,series_instance_uid,,,,,,,,,,,,,,,,parameter_file,,
,,,Candidate,String,The minimum actual pixel value encountered in this image. DICOM:0028_0106,Unchanged,,Admin,Nominal,Text,,,smallest_pixel_image_value,,,,,,,,,,,,,,,,parameter_file,,
,,,Candidate,String,"Time in msec after the middle of inverting RF pulse to middle of excitation pulse to detect the amount of longitudinal magnetization. Required if Scanning Sequence (0018,0020) has values of IR. DICOM:0018_0082",Unchanged,,Admin,Nominal,Text,,,inversion_time,,,,,,,,,,,,,,,,parameter_file,,
,,,Candidate,String,Parameters of scanning sequence. DICOM:0018_0022,Unchanged,,Admin,Nominal,Text,,,dicom_0x0018:el_0x0022,,,,,,,,,,,,,,,,parameter_file,,
,,,Candidate,String,Temporal order of a dynamic or functional set of Images. DICOM:0020_0100,Unchanged,,Admin,Nominal,Text,,,dicom_0x0020:el_0x0100,,,,,,,,,,,,,,,,parameter_file,,
,,,Candidate,String,Indication of acquisition contrast used with frames in the SOP Instance. DICOM:0008_9209,Unchanged,,Admin,Nominal,Text,,,dicom_0x0008:el_0x9209,,,,,,,,,,,,,,,,parameter_file,,
,,,Candidate,String,The time the acquisition of data that resulted in this image started. DICOM:0008_0032,Unchanged,,Admin,Nominal,Text,,,acquisition_time,,,,,,,,,,,,,,,,parameter_file,,
,,,Candidate,String,Number of images per cardiac cycle. DICOM:0018_1090,Unchanged,,Admin,Nominal,Text,,,dicom_0x0018:el_0x1090,,,,,,,,,,,,,,,,parameter_file,,
,,,Candidate,String,Indicates whether the pixel data are encoded color-by-plane or color-by-pixel. DICOM:0028_0006,Unchanged,,Admin,Nominal,Text,,,dicom_0x0028:el_0x0006,,,,,,,,,,,,,,,,parameter_file,,
,,,Candidate,String,Describes the kind of image conversion. DICOM:0008_0064,Unchanged,,Admin,Nominal,Text,,,dicom_0x0008:el_0x0064,,,,,,,,,,,,,,,,parameter_file,,
,,,Candidate,String,Patient direction of the rows and columns of the image. DICOM:0020_0020,Unchanged,,Admin,Nominal,Text,,,dicom_0x0020:el_0x0020,,,,,,,,,,,,,,,,parameter_file,,
,,,Candidate,String,A Sequence that conveys the type of procedure performed. DICOM:0008_1032,Unchanged,,Admin,Nominal,Text,,,dicom_0x0008:el_0x1032,,,,,,,,,,,,,,,,parameter_file,,
,,,Candidate,String,Patient's height or length in meters. DICOM:0010_1020,Unchanged,,Admin,Nominal,Text,,,dicom_0x0010:el_0x1020,,,,,,,,,,,,,,,,parameter_file,,
,,,Candidate,String,A sequence that conveys the requested procedure. One or more Items may be included in this Sequence. DICOM:0032_1064,Unchanged,,Admin,Nominal,Text,,,dicom_0x0032:el_0x1064,,,,,,,,,,,,,,,,parameter_file,,
,,,Candidate,String,"The date the data creation was started. For instance, this is the date the pixel data is created, not the date the data is acquired. DICOM:0008_0023",Unchanged,,Admin,Nominal,Text,,,image_date,,,,,,,,,,,,,,,,parameter_file,,
,,,Candidate,String,The date the acquisition of data that resulted in this image started. DICOM:0008_0022,Unchanged,,Admin,Nominal,Text,,,acquisition_date,,,,,,,,,,,,,,,,parameter_file,,
,,,Candidate,String,Date the Series started. DICOM:0008_0021,Unchanged,,Admin,Nominal,Text,,,series_date,,,,,,,,,,,,,,,,parameter_file,,
,,,Candidate,String,"The time the data creation was started. For instance, this is the time the pixel data is created, not the time the data is acquired. DICOM:0008_0033",Unchanged,,Admin,Nominal,Text,,,image_time,,,,,,,,,,,,,,,,parameter_file,,
,,,Candidate,String,Time the Series started. DICOM:0008_0031,Unchanged,,Admin,Nominal,Text,,,series_time,,,,,,,,,,,,,,,,parameter_file,,
,,,Candidate,String,Date the Study started. DICOM:0008_0020,Unchanged,,Admin,Nominal,Text,,,study_date,,,,,,,,,,,,,,,,parameter_file,,
,,,Candidate,String,Time the Study started. DICOM:0008_0030,Unchanged,,Admin,Nominal,Text,,,study_time,,,,,,,,,,,,,,,,parameter_file,,
,,,Candidate,String,Manufacturer's serial number of the device. DICOM:0018_1000,Unchanged,,Admin,Nominal,Text,,,device_serial_number,,,,,,,,,,,,,,,,parameter_file,,
,,,Candidate,String,"Uniquely identifies the frame of reference for a Series. shall be used to uniquely identify a frame of reference for a series. Each series shall have a single Frame of Reference UID. However, multiple Series within a Study may share a Frame of Reference. DICOM:0020_0052",Unchanged,,Admin,Nominal,Text,,,frame_of_reference_uid,,,,,,,,,,,,,,,,parameter_file,,
,,,Candidate,String,User-defined comments about the image. DICOM:0020_4000,Unchanged,,Admin,Nominal,Text,,,image_comments,,,,,,,,,,,,,,,,parameter_file,,
,,,Candidate,String,"m in the equation specified by Rescale Intercept (0028,1052). DICOM:0028_1053",Unchanged,,Admin,Nominal,Text,,,dicom_0x0028:el_0x1053,,,,,,,,,,,,,,,,parameter_file,,
,,,Candidate,String,"Specifies the output units of Rescale Slope (0028,1053) and Rescale Intercept (0028,1052). DICOM:0028_1054",Unchanged,,Admin,Nominal,Text,,,dicom_0x0028:el_0x1054,,,,,,,,,,,,,,,,parameter_file,,
,,,Candidate,String,"The value b in relationship between stored values (SV) and pixel value units (U) defined in Units (0054,1001): U = m*SV+b. DICOM:0028_1052",Unchanged,,Admin,Nominal,Text,,,dicom_0x0028:el_0x1052,,,,,,,,,,,,,,,,parameter_file,,
,,,Candidate,String,Institution or organization to which the identified individual is responsible or accountable May also refer to the institution or organization at which the relevant equipment is located. DICOM:0008_0080,Unchanged,,Admin,Nominal,Text,,,institution_name,,,,,,,,,,,,,,,,parameter_file,,
,,,Candidate,String,Institution-generated description or classification of the Study (component) performed. DICOM:0008_1030,Unchanged,,Admin,Nominal,Text,,,study_description,,,,,,,,,,,,,,,,parameter_file,,
,,,Candidate,String,Name(s) of the operator(s) who supporting this Series. DICOM:0008_1070,Unchanged,,Admin,Nominal,Text,,,operator_name,,,,,,,,,,,,,,,,parameter_file,,
,,,Candidate,String,"A primary identifier for the patient. In the case of imaging a group of small animals simultaneously, the single value of this identifier corresponds to the identification of the entire group. DICOM:0010_0020",Unchanged,,Admin,Nominal,Text,,,patient_id,,,,,,,,,,,,,,,,parameter_file,,
,,,Candidate,String,Birth date of the patient. DICOM:0010_0030,Unchanged,,Admin,Nominal,Text,,,patient_dob,,,,,,,,,,,,,,,,parameter_file,,
,,,Candidate,String,Total time in seconds that data was actually taken for the entire Multi-frame image. DICOM:0018_0072,Unchanged,,Admin,Nominal,Text,,,effective_series_duration,,,,,,,,,,,,,,,,parameter_file,,
,,,Candidate,String,"The inherent limiting resolution in mm of the acquisition equipment for high contrast objects for the data gathering and reconstruction technique chosen. If variable across the images of the series, the value at the image center. DICOM:0018_1050",Unchanged,,Admin,Nominal,Text,,,spatial_resolution,,,,,,,,,,,,,,,,parameter_file,,
,,,Candidate,String,"Dimensions of the field of view, in mm. If Field of View Shape (0018,1147) is: RECTANGLE: row dimension followed by column. ROUND: diameter. HEXAGONAL: diameter of a circumscribed circle. DICOM:0018_1149",Unchanged,,Admin,Nominal,Text,,,fov_dimensions,,,,,,,,,,,,,,,,parameter_file,,
,,,Candidate,String,"Laterality of (paired) body part examined. Required if the body part examined is a paired structure and Image Laterality (0020,0062) or Frame Laterality (0020,9072) are not sent. DICOM:0020_0060",Unchanged,,Admin,Nominal,Text,,,laterality,,,,,,,,,,,,,,,,parameter_file,,
,,,Candidate,String,Part of the imaging target used as a reference. DICOM:0020_1040,Unchanged,,Admin,Nominal,Text,,,position_reference_indicator,,,,,,,,,,,,,,,,parameter_file,,
,,,Candidate,String,Value of pixels added to non-rectangular image to pad to rectangular format. DICOM:0028_0120,Unchanged,,Admin,Nominal,Text,,,pixel_padding_value,,,,,,,,,,,,,,,,parameter_file,,
,,,Candidate,Date,Initially Added EDC,Unchanged,,Admin,Nominal,Text,,,initial_edc,,,,,,,,,,,,,,,,parameter_candidate,,
,,,Candidate,String,"BIDS PhaseEncodingDirection (a.k.a. i, i-, j, j-, k, k-)",Unchanged,,Admin,Nominal,Text,,,PhaseEncodingDirection,,,,,,,,,,,,,,,,parameter_file,,
,,,Candidate,String,Family Pregnancy ID,Unchanged,,Admin,Nominal,Text,,,family_pregnancyID,,,,,,,,,,,,,,,,parameter_candidate,,
,,,Candidate,String,HED Schema Version,Unchanged,,Admin,Nominal,Text,,,HEDVersion,,,,,,,,,,,,,,,,physiological_parameter_file,,
,,,Candidate,String,Child Race,Unchanged,,Admin,Nominal,Text,,,child_race,,,,,,,,,,,,,,,child_race,session,,
,,,Candidate,String,Child Ethnicity,Unchanged,,Admin,Nominal,Text,,,child_ethnicity,,,,,,,,,,,,,,,child_ethnicity,session,,
,,,Candidate,String,Informant PSCID,Unchanged,,Admin,Nominal,Text,,,informant_pscid,,,,,,,,,,,,,,,informant_pscid,session,,
,,,Candidate,String,Informant Identity Legal Guardian,Unchanged,,Admin,Nominal,Text,,,informant_identity_legal_guardian,,,,,,,,,,,,,,,informant_identity_legal_guardian,session,,
,,,Candidate,String,Informant Identity Living With Now,Unchanged,,Admin,Nominal,Text,,,informant_identity_living_with_now,,,,,,,,,,,,,,,informant_identity_living_with_now,session,,
,,,Candidate,String,Address Completeness,Unchanged,,Admin,Nominal,Text,,,address_completeness,,,,,,,,,,,,,,,address_completeness,session,,
,,,Candidate,String,Address Present,Unchanged,,Admin,Nominal,Text,,,address_present,,,,,,,,,,,,,,,address_present,session,,
,,,Candidate,String,Sufficient Coverage,Unchanged,,Admin,Nominal,Text,,,sufficient_coverage,,,,,,,,,,,,,,,sufficient_coverage,session,,
,,,Candidate,String,Missed Visit,Unchanged,,Admin,Nominal,Text,,,missed_visit,,,,,,,,,,,,,,,missed_visit,session,,
,,,Candidate,String,Reason for Visit Missed,Unchanged,,Admin,Nominal,Text,,,reason_visit_missed,,,,,,,,,,,,,,,reason_visit_missed,session,,
,,,Candidate,String,Participant Withdrawal,Unchanged,,Admin,Nominal,Text,,,participant_withdrawal,,,,,,,,,,,,,,,participant_withdrawal,session,,
,,,Candidate,String,Participant Withdrawal Reason,Unchanged,,Admin,Nominal,Text,,,participant_withdrawal_reason,,,,,,,,,,,,,,,participant_withdrawal_reason,session,,
,,,Candidate,Date,Participant Withdrawal Date,Unchanged,,Admin,Nominal,Text,,,participant_withdrawal_date,,,,,,,,,,,,,,,participant_withdrawal_date,session,,
,,,Candidate,String,Protocol Exception,Unchanged,,Admin,Nominal,Text,,,protocol_exception,,,,,,,,,,,,,,,protocol_exception,session,,
,,,Candidate,Date,Protocol Exception Date,Unchanged,,Admin,Nominal,Text,,,protocol_exception_date,,,,,,,,,,,,,,,protocol_exception_date,session,,
,,,Candidate,Float,Weight of nails available to assay,Unchanged,BioSpecimens,Item,Continuous,Text,USDTL Nail Toxicology results,,bio_bm_biosample_nail_results_bio_Nail_weight,,,,,,,,,,,,,,,Nail_weight,bio_bm_biosample_nail_results,Biological Mother,Core
,,,Candidate,String,Type of nails assayed,Unchanged,BioSpecimens,Item,Nominal,Text,USDTL Nail Toxicology results,,bio_bm_biosample_nail_results_bio_Nail_type,"['NULL', 1, 2, 3, 4]","['""""', '""Fingernail""', '""Toenail""', '""Both""', '""Unknown""']",,,,,,,,,,,,,Nail_type,bio_bm_biosample_nail_results,Biological Mother,Core
,,,Candidate,String,Test ordered,Unchanged,BioSpecimens,Item,Nominal,Text,USDTL Nail Toxicology results,,bio_bm_biosample_nail_results_bio_test_ordered_n,"['NULL', 1, 2, 3]","['""""', '""Custom 14 panel test""', '""Only had enough to run EtG""', '""Canceled because we could not run anything; no results generated""']",,,,,,,,,,,,,test_ordered_n,bio_bm_biosample_nail_results,Biological Mother,Core
,,,Candidate,String,Specimen level result (positive for any analyte in confirmatory tests),Unchanged,BioSpecimens,Item,Nominal,Text,USDTL Nail Toxicology results,,bio_bm_biosample_nail_results_bio_c_any_specimen_n,"['NULL', 1, 0, 3]","['""""', '""Positive""', '""Negative""', '""QNS""']",,,,,,,,,,,,,c_any_specimen_n,bio_bm_biosample_nail_results,Biological Mother,Core
,,,Candidate,String,"Any stimulants in nails (based on confirmatory results for amphetamine, methamptheamine, MDM, MDA, MDEA)",Unchanged,BioSpecimens,Item,Nominal,Text,USDTL Nail Toxicology results,,bio_bm_biosample_nail_results_bio_c_any_stim_n,"['NULL', 1, 0, 3]","['""""', '""Positive""', '""Negative""', '""QNS""']",,,,,,,,,,,,,c_any_stim_n,bio_bm_biosample_nail_results,Biological Mother,Core
,,,Candidate,String,Screening test in nails: amphetamine/MDA dual test (amp/mamp),Unchanged,BioSpecimens,Item,Nominal,Text,USDTL Nail Toxicology results,,bio_bm_biosample_nail_results_bio_s_amp_n,"['NULL', 1, 0, 3]","['""""', '""Positive""', '""Negative""', '""QNS""']",,,,,,,,,,,,,s_amp_n,bio_bm_biosample_nail_results,Biological Mother,Core
,,,Candidate,String,Screening test in nails: methamphetamine/MDMA dual test (amp/mamp),Unchanged,BioSpecimens,Item,Nominal,Text,USDTL Nail Toxicology results,,bio_bm_biosample_nail_results_bio_s_mamp_n,"['NULL', 1, 0, 3]","['""""', '""Positive""', '""Negative""', '""QNS""']",,,,,,,,,,,,,s_mamp_n,bio_bm_biosample_nail_results,Biological Mother,Core
,,,Candidate,String,Confirmatory test in nails: amphetamine (categorical) (amp/mamp),Unchanged,BioSpecimens,Item,Nominal,Text,USDTL Nail Toxicology results,,bio_bm_biosample_nail_results_bio_c_amp_n_cat,"['NULL', 1, 0, 3, 4]","['""""', '""Positive""', '""Negative""', '""QNS""', '""Screen negative""']",,,,,,,,,,,,,c_amp_n_cat,bio_bm_biosample_nail_results,Biological Mother,Core
,,,Candidate,Integer,Confirmatory test in nails: amphetamine (amp/mamp),Unchanged,BioSpecimens,Item,Discrete,Text,USDTL Nail Toxicology results,,bio_bm_biosample_nail_results_bio_c_amp_n,,,,,,,,,,,,,,,c_amp_n,bio_bm_biosample_nail_results,Biological Mother,Core
,,,Candidate,String,Unit for Confirmatory test in nails: amphetamine,Unchanged,BioSpecimens,Item,Nominal,Text,USDTL Nail Toxicology results,,bio_bm_biosample_nail_results_bio_c_amp_unit_n,,,,,,,,,,,,,,,c_amp_unit_n,bio_bm_biosample_nail_results,Biological Mother,Core
,,,Candidate,String,Confirmatory test in nails: methamphetamine (categorical) (amp/mamp),Unchanged,BioSpecimens,Item,Nominal,Text,USDTL Nail Toxicology results,,bio_bm_biosample_nail_results_bio_c_meth_n_cat,"['NULL', 1, 0, 3, 4]","['""""', '""Positive""', '""Negative""', '""QNS""', '""Screen negative""']",,,,,,,,,,,,,c_meth_n_cat,bio_bm_biosample_nail_results,Biological Mother,Core
,,,Candidate,Integer,Confirmatory test in nails: methamphetamine (amp/mamp),Unchanged,BioSpecimens,Item,Discrete,Text,USDTL Nail Toxicology results,,bio_bm_biosample_nail_results_bio_c_meth_n,,,,,,,,,,,,,,,c_meth_n,bio_bm_biosample_nail_results,Biological Mother,Core
,,,Candidate,String,Unit for Confirmatory test in nails: methamphetamine,Unchanged,BioSpecimens,Item,Nominal,Text,USDTL Nail Toxicology results,,bio_bm_biosample_nail_results_bio_c_meth_unit_n,,,,,,,,,,,,,,,c_meth_unit_n,bio_bm_biosample_nail_results,Biological Mother,Core
,,,Candidate,String,Confirmatory test in nails: MDMA (categorical) (amp/mamp),Unchanged,BioSpecimens,Item,Nominal,Text,USDTL Nail Toxicology results,,bio_bm_biosample_nail_results_bio_c_mdma_n_cat,"['NULL', 1, 0, 3, 4]","['""""', '""Positive""', '""Negative""', '""QNS""', '""Screen negative""']",,,,,,,,,,,,,c_mdma_n_cat,bio_bm_biosample_nail_results,Biological Mother,Core
,,,Candidate,Integer,Confirmatory test in nails: MDMA (amp/mamp),Unchanged,BioSpecimens,Item,Discrete,Text,USDTL Nail Toxicology results,,bio_bm_biosample_nail_results_bio_c_mdma_n,,,,,,,,,,,,,,,c_mdma_n,bio_bm_biosample_nail_results,Biological Mother,Core
,,,Candidate,String,Unit for Confirmatory test in nails: MDMA,Unchanged,BioSpecimens,Item,Nominal,Text,USDTL Nail Toxicology results,,bio_bm_biosample_nail_results_bio_c_mdma_unit_n,,,,,,,,,,,,,,,c_mdma_unit_n,bio_bm_biosample_nail_results,Biological Mother,Core
,,,Candidate,String,Confirmatory test in nails: MDA (categorical) (amp/mamp),Unchanged,BioSpecimens,Item,Nominal,Text,USDTL Nail Toxicology results,,bio_bm_biosample_nail_results_bio_c_mda_n_cat,"['NULL', 1, 0, 3, 4]","['""""', '""Positive""', '""Negative""', '""QNS""', '""Screen negative""']",,,,,,,,,,,,,c_mda_n_cat,bio_bm_biosample_nail_results,Biological Mother,Core
,,,Candidate,Integer,Confirmatory test in nails: MDA (amp/mamp),Unchanged,BioSpecimens,Item,Discrete,Text,USDTL Nail Toxicology results,,bio_bm_biosample_nail_results_bio_c_mda_n,,,,,,,,,,,,,,,c_mda_n,bio_bm_biosample_nail_results,Biological Mother,Core
,,,Candidate,String,Unit for Confirmatory test in nails: MDA,Unchanged,BioSpecimens,Item,Nominal,Text,USDTL Nail Toxicology results,,bio_bm_biosample_nail_results_bio_c_mda_unit_n,,,,,,,,,,,,,,,c_mda_unit_n,bio_bm_biosample_nail_results,Biological Mother,Core
,,,Candidate,String,Confirmatory test in nails: MDEA (categorical) (amp/mamp),Unchanged,BioSpecimens,Item,Nominal,Text,USDTL Nail Toxicology results,,bio_bm_biosample_nail_results_bio_c_mdea_n_cat,"['NULL', 1, 0, 3, 4]","['""""', '""Positive""', '""Negative""', '""QNS""', '""Screen negative""']",,,,,,,,,,,,,c_mdea_n_cat,bio_bm_biosample_nail_results,Biological Mother,Core
,,,Candidate,Integer,Confirmatory test in nails: MDEA (amp/mamp),Unchanged,BioSpecimens,Item,Discrete,Text,USDTL Nail Toxicology results,,bio_bm_biosample_nail_results_bio_c_mdea_n,,,,,,,,,,,,,,,c_mdea_n,bio_bm_biosample_nail_results,Biological Mother,Core
,,,Candidate,String,Unit for Confirmatory test in nails: MDEA,Unchanged,BioSpecimens,Item,Nominal,Text,USDTL Nail Toxicology results,,bio_bm_biosample_nail_results_bio_c_mdea_unit_n,,,,,,,,,,,,,,,c_mdea_unit_n,bio_bm_biosample_nail_results,Biological Mother,Core
,,,Candidate,String,Screening test in nails: cocaine (coc),Unchanged,BioSpecimens,Item,Nominal,Text,USDTL Nail Toxicology results,,bio_bm_biosample_nail_results_bio_s_coc_n,"['NULL', 1, 0, 3]","['""""', '""Positive""', '""Negative""', '""QNS""']",,,,,,,,,,,,,s_coc_n,bio_bm_biosample_nail_results,Biological Mother,Core
,,,Candidate,String,Confirmatory test in nails: cocaine (categorical) (coc),Unchanged,BioSpecimens,Item,Nominal,Text,USDTL Nail Toxicology results,,bio_bm_biosample_nail_results_bio_c_coc_n_cat,"['NULL', 1, 0, 3, 4]","['""""', '""Positive""', '""Negative""', '""QNS""', '""Screen negative""']",,,,,,,,,,,,,c_coc_n_cat,bio_bm_biosample_nail_results,Biological Mother,Core
,,,Candidate,Integer,Confirmatory test in nails: cocaine (coc),Unchanged,BioSpecimens,Item,Discrete,Text,USDTL Nail Toxicology results,,bio_bm_biosample_nail_results_bio_c_coc_n,,,,,,,,,,,,,,,c_coc_n,bio_bm_biosample_nail_results,Biological Mother,Core
,,,Candidate,String,Unit for Confirmatory test in nails: cocaine,Unchanged,BioSpecimens,Item,Nominal,Text,USDTL Nail Toxicology results,,bio_bm_biosample_nail_results_bio_c_coc_unit_n,,,,,,,,,,,,,,,c_coc_unit_n,bio_bm_biosample_nail_results,Biological Mother,Core
,,,Candidate,String,Confirmatory test in nails: cocaethylene (categorical) (coc),Unchanged,BioSpecimens,Item,Nominal,Text,USDTL Nail Toxicology results,,bio_bm_biosample_nail_results_bio_c_cocae_n_cat,"['NULL', 1, 0, 3, 4]","['""""', '""Positive""', '""Negative""', '""QNS""', '""Screen negative""']",,,,,,,,,,,,,c_cocae_n_cat,bio_bm_biosample_nail_results,Biological Mother,Core
,,,Candidate,Integer,Confirmatory test in nails: cocaethylene (coc),Unchanged,BioSpecimens,Item,Discrete,Text,USDTL Nail Toxicology results,,bio_bm_biosample_nail_results_bio_c_cocae_n,,,,,,,,,,,,,,,c_cocae_n,bio_bm_biosample_nail_results,Biological Mother,Core
,,,Candidate,String,Unit for Confirmatory test in nails: cocaethylene,Unchanged,BioSpecimens,Item,Nominal,Text,USDTL Nail Toxicology results,,bio_bm_biosample_nail_results_bio_c_cocae_unit_n,,,,,,,,,,,,,,,c_cocae_unit_n,bio_bm_biosample_nail_results,Biological Mother,Core
,,,Candidate,String,Confirmatory test in nails: benzoylecgonine (categorical) (coc),Unchanged,BioSpecimens,Item,Nominal,Text,USDTL Nail Toxicology results,,bio_bm_biosample_nail_results_bio_c_ben_n_cat,"['NULL', 1, 0, 3, 4]","['""""', '""Positive""', '""Negative""', '""QNS""', '""Screen negative""']",,,,,,,,,,,,,c_ben_n_cat,bio_bm_biosample_nail_results,Biological Mother,Core
,,,Candidate,Integer,Confirmatory test in nails: benzoylecgonine (coc),Unchanged,BioSpecimens,Item,Discrete,Text,USDTL Nail Toxicology results,,bio_bm_biosample_nail_results_bio_c_ben_n,,,,,,,,,,,,,,,c_ben_n,bio_bm_biosample_nail_results,Biological Mother,Core
,,,Candidate,String,Unit for Confirmatory test in nails: benzoylecgonine,Unchanged,BioSpecimens,Item,Nominal,Text,USDTL Nail Toxicology results,,bio_bm_biosample_nail_results_bio_c_ben_unit_n,,,,,,,,,,,,,,,c_ben_unit_n,bio_bm_biosample_nail_results,Biological Mother,Core
,,,Candidate,String,Confirmatory test in nails: norcocaine (categorical) (coc),Unchanged,BioSpecimens,Item,Nominal,Text,USDTL Nail Toxicology results,,bio_bm_biosample_nail_results_bio_c_ncoc_n_cat,"['NULL', 1, 0, 3, 4]","['""""', '""Positive""', '""Negative""', '""QNS""', '""Screen negative""']",,,,,,,,,,,,,c_ncoc_n_cat,bio_bm_biosample_nail_results,Biological Mother,Core
,,,Candidate,Integer,Confirmatory test in nails: norcocaine (coc),Unchanged,BioSpecimens,Item,Discrete,Text,USDTL Nail Toxicology results,,bio_bm_biosample_nail_results_bio_c_ncoc_n,,,,,,,,,,,,,,,c_ncoc_n,bio_bm_biosample_nail_results,Biological Mother,Core
,,,Candidate,String,Unit for Confirmatory test in nails: norcocaine,Unchanged,BioSpecimens,Item,Nominal,Text,USDTL Nail Toxicology results,,bio_bm_biosample_nail_results_bio_c_ncoc_unit_n,,,,,,,,,,,,,,,c_ncoc_unit_n,bio_bm_biosample_nail_results,Biological Mother,Core
,,,Candidate,String,Any cannabinoids in nails (based on confirmatory results for Carboxy-delta-9-THC),Unchanged,BioSpecimens,Item,Nominal,Text,USDTL Nail Toxicology results,,bio_bm_biosample_nail_results_bio_c_any_cannabinoid_n,"['NULL', 1, 0, 3]","['""""', '""Positive""', '""Negative""', '""QNS""']",,,,,,,,,,,,,c_any_cannabinoid_n,bio_bm_biosample_nail_results,Biological Mother,Core
,,,Candidate,String,Screening test in nails: cannabinoids (thc),Unchanged,BioSpecimens,Item,Nominal,Text,USDTL Nail Toxicology results,,bio_bm_biosample_nail_results_bio_s_thc_n,"['NULL', 1, 0, 3]","['""""', '""Positive""', '""Negative""', '""QNS""']",,,,,,,,,,,,,s_thc_n,bio_bm_biosample_nail_results,Biological Mother,Core
,,,Candidate,String,Confirmatory test in nails: Carboxy-delta-9-THC (categorical) (thc),Unchanged,BioSpecimens,Item,Nominal,Text,USDTL Nail Toxicology results,,bio_bm_biosample_nail_results_bio_c_delta-9-THC_n_cat,"['NULL', 1, 0, 3, 4]","['""""', '""Positive""', '""Negative""', '""QNS""', '""Screen negative""']",,,,,,,,,,,,,c_delta-9-THC_n_cat,bio_bm_biosample_nail_results,Biological Mother,Core
,,,Candidate,Float,Confirmatory test in nails: Carboxy-delta-9-THC (thc),Unchanged,BioSpecimens,Item,Continuous,Text,USDTL Nail Toxicology results,,bio_bm_biosample_nail_results_bio_c_delta-9-THC_n,,,,,,,,,,,,,,,c_delta-9-THC_n,bio_bm_biosample_nail_results,Biological Mother,Core
,,,Candidate,String,Unit for Confirmatory test in nails: Carboxy-delta-9-THC,Unchanged,BioSpecimens,Item,Nominal,Text,USDTL Nail Toxicology results,,bio_bm_biosample_nail_results_bio_c_delta-9-THC_unit_n,,,,,,,,,,,,,,,c_delta-9-THC_unit_n,bio_bm_biosample_nail_results,Biological Mother,Core
,,,Candidate,String,"Any barbiturate in nails (based on confirmatory results for amaobarb, secobarb, pentobarb, phenobarb, butalbital)",Unchanged,BioSpecimens,Item,Nominal,Text,USDTL Nail Toxicology results,,bio_bm_biosample_nail_results_bio_c_any_barb_n,"['NULL', 1, 0, 3]","['""""', '""Positive""', '""Negative""', '""QNS""']",,,,,,,,,,,,,c_any_barb_n,bio_bm_biosample_nail_results,Biological Mother,Core
,,,Candidate,String,Screening test in barbiturates (bar),Unchanged,BioSpecimens,Item,Nominal,Text,USDTL Nail Toxicology results,,bio_bm_biosample_nail_results_bio_s_bar_n,"['NULL', 1, 0, 3]","['""""', '""Positive""', '""Negative""', '""QNS""']",,,,,,,,,,,,,s_bar_n,bio_bm_biosample_nail_results,Biological Mother,Core
,,,Candidate,String,Confirmatory test in nails: amobarbital (categorical) (bar),Unchanged,BioSpecimens,Item,Nominal,Text,USDTL Nail Toxicology results,,bio_bm_biosample_nail_results_bio_c_amobarb_n_cat,"['NULL', 1, 0, 3, 4]","['""""', '""Positive""', '""Negative""', '""QNS""', '""Screen negative""']",,,,,,,,,,,,,c_amobarb_n_cat,bio_bm_biosample_nail_results,Biological Mother,Core
,,,Candidate,Integer,Confirmatory test in nails: amobarbital (bar),Unchanged,BioSpecimens,Item,Discrete,Text,USDTL Nail Toxicology results,,bio_bm_biosample_nail_results_bio_c_amobarb_n,,,,,,,,,,,,,,,c_amobarb_n,bio_bm_biosample_nail_results,Biological Mother,Core
,,,Candidate,String,Unit for Confirmatory test in nails: amobarbital,Unchanged,BioSpecimens,Item,Nominal,Text,USDTL Nail Toxicology results,,bio_bm_biosample_nail_results_bio_c_amobarb_unit_n,,,,,,,,,,,,,,,c_amobarb_unit_n,bio_bm_biosample_nail_results,Biological Mother,Core
,,,Candidate,String,Confirmatory test in nails: secobarbital (categorical) (bar),Unchanged,BioSpecimens,Item,Nominal,Text,USDTL Nail Toxicology results,,bio_bm_biosample_nail_results_bio_c_secobarb_n_cat,"['NULL', 1, 0, 3, 4]","['""""', '""Positive""', '""Negative""', '""QNS""', '""Screen negative""']",,,,,,,,,,,,,c_secobarb_n_cat,bio_bm_biosample_nail_results,Biological Mother,Core
,,,Candidate,Integer,Confirmatory test in nails: secobarbital (bar),Unchanged,BioSpecimens,Item,Discrete,Text,USDTL Nail Toxicology results,,bio_bm_biosample_nail_results_bio_c_secobarb_n,,,,,,,,,,,,,,,c_secobarb_n,bio_bm_biosample_nail_results,Biological Mother,Core
,,,Candidate,String,Unit for Confirmatory test in nails: secobarbital,Unchanged,BioSpecimens,Item,Nominal,Text,USDTL Nail Toxicology results,,bio_bm_biosample_nail_results_bio_c_secobarb_unit_n,,,,,,,,,,,,,,,c_secobarb_unit_n,bio_bm_biosample_nail_results,Biological Mother,Core
,,,Candidate,String,Confirmatory test in nails: pentobarbital (categorical) (bar),Unchanged,BioSpecimens,Item,Nominal,Text,USDTL Nail Toxicology results,,bio_bm_biosample_nail_results_bio_c_pentobarb_n_cat,"['NULL', 1, 0, 3, 4]","['""""', '""Positive""', '""Negative""', '""QNS""', '""Screen negative""']",,,,,,,,,,,,,c_pentobarb_n_cat,bio_bm_biosample_nail_results,Biological Mother,Core
,,,Candidate,Integer,Confirmatory test in nails: pentobarbital (bar),Unchanged,BioSpecimens,Item,Discrete,Text,USDTL Nail Toxicology results,,bio_bm_biosample_nail_results_bio_c_pentobarb_n,,,,,,,,,,,,,,,c_pentobarb_n,bio_bm_biosample_nail_results,Biological Mother,Core
,,,Candidate,String,Unit for Confirmatory test in nails: pentobarbital,Unchanged,BioSpecimens,Item,Nominal,Text,USDTL Nail Toxicology results,,bio_bm_biosample_nail_results_bio_c_pentobarb_unit_n,,,,,,,,,,,,,,,c_pentobarb_unit_n,bio_bm_biosample_nail_results,Biological Mother,Core
,,,Candidate,String,Confirmatory test in nails: phenobarbital (categorical) (bar),Unchanged,BioSpecimens,Item,Nominal,Text,USDTL Nail Toxicology results,,bio_bm_biosample_nail_results_bio_c_phenobarb_n_cat,"['NULL', 1, 0, 3, 4]","['""""', '""Positive""', '""Negative""', '""QNS""', '""Screen negative""']",,,,,,,,,,,,,c_phenobarb_n_cat,bio_bm_biosample_nail_results,Biological Mother,Core
,,,Candidate,Integer,Confirmatory test in nails: phenobarbital (bar),Unchanged,BioSpecimens,Item,Discrete,Text,USDTL Nail Toxicology results,,bio_bm_biosample_nail_results_bio_c_phenobarb_n,,,,,,,,,,,,,,,c_phenobarb_n,bio_bm_biosample_nail_results,Biological Mother,Core
,,,Candidate,String,Unit for Confirmatory test in nails: phenobarbital,Unchanged,BioSpecimens,Item,Nominal,Text,USDTL Nail Toxicology results,,bio_bm_biosample_nail_results_bio_c_phenobarb_unit_n,,,,,,,,,,,,,,,c_phenobarb_unit_n,bio_bm_biosample_nail_results,Biological Mother,Core
,,,Candidate,String,Confirmatory test in nails: butalbital (categorical) (bar),Unchanged,BioSpecimens,Item,Nominal,Text,USDTL Nail Toxicology results,,bio_bm_biosample_nail_results_bio_c_butalbital_n_cat,"['NULL', 1, 0, 3, 4]","['""""', '""Positive""', '""Negative""', '""QNS""', '""Screen negative""']",,,,,,,,,,,,,c_butalbital_n_cat,bio_bm_biosample_nail_results,Biological Mother,Core
,,,Candidate,Integer,Confirmatory test in nails: butalbital (bar),Unchanged,BioSpecimens,Item,Discrete,Text,USDTL Nail Toxicology results,,bio_bm_biosample_nail_results_bio_c_butalbital_n,,,,,,,,,,,,,,,c_butalbital_n,bio_bm_biosample_nail_results,Biological Mother,Core
,,,Candidate,String,Unit for Confirmatory test in nails: butalbital,Unchanged,BioSpecimens,Item,Nominal,Text,USDTL Nail Toxicology results,,bio_bm_biosample_nail_results_bio_c_butalbital_unit_n,,,,,,,,,,,,,,,c_butalbital_unit_n,bio_bm_biosample_nail_results,Biological Mother,Core
,,,Candidate,String,"Any benzodiazepines in nails (based on confirmatory results for diazepam, oxazepam, nordiazepam, temazepam, midazolam, alprazolam)",Unchanged,BioSpecimens,Item,Nominal,Text,USDTL Nail Toxicology results,,bio_bm_biosample_nail_results_bio_c_any_benzo_n,"['NULL', 1, 0, 3]","['""""', '""Positive""', '""Negative""', '""QNS""']",,,,,,,,,,,,,c_any_benzo_n,bio_bm_biosample_nail_results,Biological Mother,Core
,,,Candidate,String,Screening test in benzodiazepines (benz),Unchanged,BioSpecimens,Item,Nominal,Text,USDTL Nail Toxicology results,,bio_bm_biosample_nail_results_bio_s_benz_n,"['NULL', 1, 0, 3]","['""""', '""Positive""', '""Negative""', '""QNS""']",,,,,,,,,,,,,s_benz_n,bio_bm_biosample_nail_results,Biological Mother,Core
,,,Candidate,String,Confirmatory test in nails: diazepam (categorical) (benz),Unchanged,BioSpecimens,Item,Nominal,Text,USDTL Nail Toxicology results,,bio_bm_biosample_nail_results_bio_c_diaz_n_cat,"['NULL', 1, 0, 3, 4]","['""""', '""Positive""', '""Negative""', '""QNS""', '""Screen negative""']",,,,,,,,,,,,,c_diaz_n_cat,bio_bm_biosample_nail_results,Biological Mother,Core
,,,Candidate,Integer,Confirmatory test in nails: diazepam (benz),Unchanged,BioSpecimens,Item,Discrete,Text,USDTL Nail Toxicology results,,bio_bm_biosample_nail_results_bio_c_diaz_n,,,,,,,,,,,,,,,c_diaz_n,bio_bm_biosample_nail_results,Biological Mother,Core
,,,Candidate,String,Unit for Confirmatory test in nails: diazepam,Unchanged,BioSpecimens,Item,Nominal,Text,USDTL Nail Toxicology results,,bio_bm_biosample_nail_results_bio_c_diaz_unit_n,,,,,,,,,,,,,,,c_diaz_unit_n,bio_bm_biosample_nail_results,Biological Mother,Core
,,,Candidate,String,Confirmatory test in nails: oxazepam (categorical) (benz),Unchanged,BioSpecimens,Item,Nominal,Text,USDTL Nail Toxicology results,,bio_bm_biosample_nail_results_bio_c_oxaz_n_cat,"['NULL', 1, 0, 3, 4]","['""""', '""Positive""', '""Negative""', '""QNS""', '""Screen negative""']",,,,,,,,,,,,,c_oxaz_n_cat,bio_bm_biosample_nail_results,Biological Mother,Core
,,,Candidate,Integer,Confirmatory test in nails: oxazepam (benz),Unchanged,BioSpecimens,Item,Discrete,Text,USDTL Nail Toxicology results,,bio_bm_biosample_nail_results_bio_c_oxaz_n,,,,,,,,,,,,,,,c_oxaz_n,bio_bm_biosample_nail_results,Biological Mother,Core
,,,Candidate,String,Unit for Confirmatory test in nails: oxazepam,Unchanged,BioSpecimens,Item,Nominal,Text,USDTL Nail Toxicology results,,bio_bm_biosample_nail_results_bio_c_oxaz_unit_n,,,,,,,,,,,,,,,c_oxaz_unit_n,bio_bm_biosample_nail_results,Biological Mother,Core
,,,Candidate,String,Confirmatory test in nails: nordiazepam (categorical) (benz),Unchanged,BioSpecimens,Item,Nominal,Text,USDTL Nail Toxicology results,,bio_bm_biosample_nail_results_bio_c_nord_n_cat,"['NULL', 1, 0, 3, 4]","['""""', '""Positive""', '""Negative""', '""QNS""', '""Screen negative""']",,,,,,,,,,,,,c_nord_n_cat,bio_bm_biosample_nail_results,Biological Mother,Core
,,,Candidate,Integer,Confirmatory test in nails: nordiazepam (benz),Unchanged,BioSpecimens,Item,Discrete,Text,USDTL Nail Toxicology results,,bio_bm_biosample_nail_results_bio_c_nord_n,,,,,,,,,,,,,,,c_nord_n,bio_bm_biosample_nail_results,Biological Mother,Core
,,,Candidate,String,Unit for Confirmatory test in nails: nordiazepam,Unchanged,BioSpecimens,Item,Nominal,Text,USDTL Nail Toxicology results,,bio_bm_biosample_nail_results_bio_c_nord_unit_n,,,,,,,,,,,,,,,c_nord_unit_n,bio_bm_biosample_nail_results,Biological Mother,Core
,,,Candidate,String,Confirmatory test in nails: temazepam (categorical) (benz),Unchanged,BioSpecimens,Item,Nominal,Text,USDTL Nail Toxicology results,,bio_bm_biosample_nail_results_bio_c_tema_n_cat,"['NULL', 1, 0, 3, 4]","['""""', '""Positive""', '""Negative""', '""QNS""', '""Screen negative""']",,,,,,,,,,,,,c_tema_n_cat,bio_bm_biosample_nail_results,Biological Mother,Core
,,,Candidate,Integer,Confirmatory test in nails: temazepam (benz),Unchanged,BioSpecimens,Item,Discrete,Text,USDTL Nail Toxicology results,,bio_bm_biosample_nail_results_bio_c_tema_n,,,,,,,,,,,,,,,c_tema_n,bio_bm_biosample_nail_results,Biological Mother,Core
,,,Candidate,String,Unit for Confirmatory test in nails: temazepam,Unchanged,BioSpecimens,Item,Nominal,Text,USDTL Nail Toxicology results,,bio_bm_biosample_nail_results_bio_c_tema_unit_n,,,,,,,,,,,,,,,c_tema_unit_n,bio_bm_biosample_nail_results,Biological Mother,Core
,,,Candidate,String,Confirmatory test in nails: midazolam (categorical) (benz),Unchanged,BioSpecimens,Item,Nominal,Text,USDTL Nail Toxicology results,,bio_bm_biosample_nail_results_bio_c_mida_n_cat,"['NULL', 1, 0, 3, 4]","['""""', '""Positive""', '""Negative""', '""QNS""', '""Screen negative""']",,,,,,,,,,,,,c_mida_n_cat,bio_bm_biosample_nail_results,Biological Mother,Core
,,,Candidate,Integer,Confirmatory test in nails: midazolam (benz),Unchanged,BioSpecimens,Item,Discrete,Text,USDTL Nail Toxicology results,,bio_bm_biosample_nail_results_bio_c_mida_n,,,,,,,,,,,,,,,c_mida_n,bio_bm_biosample_nail_results,Biological Mother,Core
,,,Candidate,String,Unit for Confirmatory test in nails: midazolam,Unchanged,BioSpecimens,Item,Nominal,Text,USDTL Nail Toxicology results,,bio_bm_biosample_nail_results_bio_c_mida_unit_n,,,,,,,,,,,,,,,c_mida_unit_n,bio_bm_biosample_nail_results,Biological Mother,Core
,,,Candidate,String,Confirmatory test in nails: alprazolam (categorical) (benz),Unchanged,BioSpecimens,Item,Nominal,Text,USDTL Nail Toxicology results,,bio_bm_biosample_nail_results_bio_c_alpa_n_cat,"['NULL', 1, 0, 3, 4]","['""""', '""Positive""', '""Negative""', '""QNS""', '""Screen negative""']",,,,,,,,,,,,,c_alpa_n_cat,bio_bm_biosample_nail_results,Biological Mother,Core
,,,Candidate,Integer,Confirmatory test in nails: alprazolam (benz),Unchanged,BioSpecimens,Item,Discrete,Text,USDTL Nail Toxicology results,,bio_bm_biosample_nail_results_bio_c_alpa_n,,,,,,,,,,,,,,,c_alpa_n,bio_bm_biosample_nail_results,Biological Mother,Core
,,,Candidate,String,Unit for Confirmatory test in nails: alprazolam,Unchanged,BioSpecimens,Item,Nominal,Text,USDTL Nail Toxicology results,,bio_bm_biosample_nail_results_bio_c_alpa_unit_n,,,,,,,,,,,,,,,c_alpa_unit_n,bio_bm_biosample_nail_results,Biological Mother,Core
,,,Candidate,String,"Any opioids in nails (based on confirmatory results for methadone, EDDP, propoxyphene, morpropoxyphene, codeine, morphine, MAM, hydrocodone, norhydrocodone hydromorphone, oxycodone, noroxycodone, oxymorphone, fentanyl, norfentanyl, acetylfentanyl, acetylnorfentanyl, alfentanil, sufentanil, norsufentanil, buprenorphine, norbuprenorphine, meperidine, tramadol)",Unchanged,BioSpecimens,Item,Nominal,Text,USDTL Nail Toxicology results,,bio_bm_biosample_nail_results_bio_c_any_opioid_n,"['NULL', 1, 0, 3]","['""""', '""Positive""', '""Negative""', '""QNS""']",,,,,,,,,,,,,c_any_opioid_n,bio_bm_biosample_nail_results,Biological Mother,Core
,,,Candidate,String,Screening test in methadone (mtd),Unchanged,BioSpecimens,Item,Nominal,Text,USDTL Nail Toxicology results,,bio_bm_biosample_nail_results_bio_s_mtd_n,"['NULL', 1, 0, 3]","['""""', '""Positive""', '""Negative""', '""QNS""']",,,,,,,,,,,,,s_mtd_n,bio_bm_biosample_nail_results,Biological Mother,Core
,,,Candidate,String,Confirmatory test in nails: methadone (categorical) (mtd),Unchanged,BioSpecimens,Item,Nominal,Text,USDTL Nail Toxicology results,,bio_bm_biosample_nail_results_bio_c_mtd_n_cat,"['NULL', 1, 0, 3, 4]","['""""', '""Positive""', '""Negative""', '""QNS""', '""Screen negative""']",,,,,,,,,,,,,c_mtd_n_cat,bio_bm_biosample_nail_results,Biological Mother,Core
,,,Candidate,Integer,Confirmatory test in nails: methadone (mtd),Unchanged,BioSpecimens,Item,Discrete,Text,USDTL Nail Toxicology results,,bio_bm_biosample_nail_results_bio_c_mtd_n,,,,,,,,,,,,,,,c_mtd_n,bio_bm_biosample_nail_results,Biological Mother,Core
,,,Candidate,String,Unit for Confirmatory test in nails: methadone,Unchanged,BioSpecimens,Item,Nominal,Text,USDTL Nail Toxicology results,,bio_bm_biosample_nail_results_bio_c_mtd_unit_n,,,,,,,,,,,,,,,c_mtd_unit_n,bio_bm_biosample_nail_results,Biological Mother,Core
,,,Candidate,String,Confirmatory test in nails: EDDP (categorical) (mtd),Unchanged,BioSpecimens,Item,Nominal,Text,USDTL Nail Toxicology results,,bio_bm_biosample_nail_results_bio_c_eddp_n_cat,"['NULL', 1, 0, 3, 4]","['""""', '""Positive""', '""Negative""', '""QNS""', '""Screen negative""']",,,,,,,,,,,,,c_eddp_n_cat,bio_bm_biosample_nail_results,Biological Mother,Core
,,,Candidate,Integer,Confirmatory test in nails: EDDP (mtd),Unchanged,BioSpecimens,Item,Discrete,Text,USDTL Nail Toxicology results,,bio_bm_biosample_nail_results_bio_c_eddp_n,,,,,,,,,,,,,,,c_eddp_n,bio_bm_biosample_nail_results,Biological Mother,Core
,,,Candidate,String,Unit for Confirmatory test in nails: EDDP,Unchanged,BioSpecimens,Item,Nominal,Text,USDTL Nail Toxicology results,,bio_bm_biosample_nail_results_bio_c_eddp_unit_n,,,,,,,,,,,,,,,c_eddp_unit_n,bio_bm_biosample_nail_results,Biological Mother,Core
,,,Candidate,String,Screening test in opiates (opi),Unchanged,BioSpecimens,Item,Nominal,Text,USDTL Nail Toxicology results,,bio_bm_biosample_nail_results_bio_s_opi_n,"['NULL', 1, 0, 3]","['""""', '""Positive""', '""Negative""', '""QNS""']",,,,,,,,,,,,,s_opi_n,bio_bm_biosample_nail_results,Biological Mother,Core
,,,Candidate,String,Confirmatory test in nails: codeine (categorical) (opi),Unchanged,BioSpecimens,Item,Nominal,Text,USDTL Nail Toxicology results,,bio_bm_biosample_nail_results_bio_c_cod_n_cat,"['NULL', 1, 0, 3, 4]","['""""', '""Positive""', '""Negative""', '""QNS""', '""Screen negative""']",,,,,,,,,,,,,c_cod_n_cat,bio_bm_biosample_nail_results,Biological Mother,Core
,,,Candidate,Integer,Confirmatory test in nails: codeine (opi),Unchanged,BioSpecimens,Item,Discrete,Text,USDTL Nail Toxicology results,,bio_bm_biosample_nail_results_bio_c_cod_n,,,,,,,,,,,,,,,c_cod_n,bio_bm_biosample_nail_results,Biological Mother,Core
,,,Candidate,String,Unit for Confirmatory test in nails: codeine,Unchanged,BioSpecimens,Item,Nominal,Text,USDTL Nail Toxicology results,,bio_bm_biosample_nail_results_bio_c_cod_unit_n,,,,,,,,,,,,,,,c_cod_unit_n,bio_bm_biosample_nail_results,Biological Mother,Core
,,,Candidate,String,Confirmatory test in nails: morphine (categorical) (opi),Unchanged,BioSpecimens,Item,Nominal,Text,USDTL Nail Toxicology results,,bio_bm_biosample_nail_results_bio_c_mor_n_cat,"['NULL', 1, 0, 3, 4]","['""""', '""Positive""', '""Negative""', '""QNS""', '""Screen negative""']",,,,,,,,,,,,,c_mor_n_cat,bio_bm_biosample_nail_results,Biological Mother,Core
,,,Candidate,Integer,Confirmatory test in nails: morphine (opi),Unchanged,BioSpecimens,Item,Discrete,Text,USDTL Nail Toxicology results,,bio_bm_biosample_nail_results_bio_c_mor_n,,,,,,,,,,,,,,,c_mor_n,bio_bm_biosample_nail_results,Biological Mother,Core
,,,Candidate,String,Unit for Confirmatory test in nails: morphine,Unchanged,BioSpecimens,Item,Nominal,Text,USDTL Nail Toxicology results,,bio_bm_biosample_nail_results_bio_c_mor_unit_n,,,,,,,,,,,,,,,c_mor_unit_n,bio_bm_biosample_nail_results,Biological Mother,Core
,,,Candidate,String,Confirmatory test in nails: MAM (categorical) (opi),Unchanged,BioSpecimens,Item,Nominal,Text,USDTL Nail Toxicology results,,bio_bm_biosample_nail_results_bio_c_mam_n_cat,"['NULL', 1, 0, 3, 4]","['""""', '""Positive""', '""Negative""', '""QNS""', '""Screen negative""']",,,,,,,,,,,,,c_mam_n_cat,bio_bm_biosample_nail_results,Biological Mother,Core
,,,Candidate,Integer,Confirmatory test in nails: MAM (opi),Unchanged,BioSpecimens,Item,Discrete,Text,USDTL Nail Toxicology results,,bio_bm_biosample_nail_results_bio_c_mam_n,,,,,,,,,,,,,,,c_mam_n,bio_bm_biosample_nail_results,Biological Mother,Core
,,,Candidate,String,Unit for Confirmatory test in nails: MAM,Unchanged,BioSpecimens,Item,Nominal,Text,USDTL Nail Toxicology results,,bio_bm_biosample_nail_results_bio_c_mam_unit_n,,,,,,,,,,,,,,,c_mam_unit_n,bio_bm_biosample_nail_results,Biological Mother,Core
,,,Candidate,String,Confirmatory test in nails: hydrocodone (categorical) (opi),Unchanged,BioSpecimens,Item,Nominal,Text,USDTL Nail Toxicology results,,bio_bm_biosample_nail_results_bio_c_hydroc_n_cat,"['NULL', 1, 0, 3, 4]","['""""', '""Positive""', '""Negative""', '""QNS""', '""Screen negative""']",,,,,,,,,,,,,c_hydroc_n_cat,bio_bm_biosample_nail_results,Biological Mother,Core
,,,Candidate,Integer,Confirmatory test in nails: hydrocodone (opi),Unchanged,BioSpecimens,Item,Discrete,Text,USDTL Nail Toxicology results,,bio_bm_biosample_nail_results_bio_c_hydroc_n,,,,,,,,,,,,,,,c_hydroc_n,bio_bm_biosample_nail_results,Biological Mother,Core
,,,Candidate,String,Unit for Confirmatory test in nails: hydrocodone,Unchanged,BioSpecimens,Item,Nominal,Text,USDTL Nail Toxicology results,,bio_bm_biosample_nail_results_bio_c_hydroc_unit_n,,,,,,,,,,,,,,,c_hydroc_unit_n,bio_bm_biosample_nail_results,Biological Mother,Core
,,,Candidate,String,Confirmatory test in nails: norhydrocodone (categorical) (opi),Unchanged,BioSpecimens,Item,Nominal,Text,USDTL Nail Toxicology results,,bio_bm_biosample_nail_results_bio_c_norh_n_cat,"['NULL', 1, 0, 3, 4]","['""""', '""Positive""', '""Negative""', '""QNS""', '""Screen negative""']",,,,,,,,,,,,,c_norh_n_cat,bio_bm_biosample_nail_results,Biological Mother,Core
,,,Candidate,Integer,Confirmatory test in nails: norhydrocodone (opi),Unchanged,BioSpecimens,Item,Discrete,Text,USDTL Nail Toxicology results,,bio_bm_biosample_nail_results_bio_c_norh_n,,,,,,,,,,,,,,,c_norh_n,bio_bm_biosample_nail_results,Biological Mother,Core
,,,Candidate,String,Unit for Confirmatory test in nails: norhydrocodone,Unchanged,BioSpecimens,Item,Nominal,Text,USDTL Nail Toxicology results,,bio_bm_biosample_nail_results_bio_c_norh_unit_n,,,,,,,,,,,,,,,c_norh_unit_n,bio_bm_biosample_nail_results,Biological Mother,Core
,,,Candidate,String,Confirmatory test in nails: hydromorphone (categorical) (opi),Unchanged,BioSpecimens,Item,Nominal,Text,USDTL Nail Toxicology results,,bio_bm_biosample_nail_results_bio_c_hydrom_n_cat,"['NULL', 1, 0, 3, 4]","['""""', '""Positive""', '""Negative""', '""QNS""', '""Screen negative""']",,,,,,,,,,,,,c_hydrom_n_cat,bio_bm_biosample_nail_results,Biological Mother,Core
,,,Candidate,Integer,Confirmatory test in nails: hydromorphone (opi),Unchanged,BioSpecimens,Item,Discrete,Text,USDTL Nail Toxicology results,,bio_bm_biosample_nail_results_bio_c_hydrom_n,,,,,,,,,,,,,,,c_hydrom_n,bio_bm_biosample_nail_results,Biological Mother,Core
,,,Candidate,String,Unit for Confirmatory test in nails: hydromorphone,Unchanged,BioSpecimens,Item,Nominal,Text,USDTL Nail Toxicology results,,bio_bm_biosample_nail_results_bio_c_hydrom_unit_n,,,,,,,,,,,,,,,c_hydrom_unit_n,bio_bm_biosample_nail_results,Biological Mother,Core
,,,Candidate,String,Screening test in oxycodone (oxyc),Unchanged,BioSpecimens,Item,Nominal,Text,USDTL Nail Toxicology results,,bio_bm_biosample_nail_results_bio_s_oxyc_n,"['NULL', 1, 0, 3]","['""""', '""Positive""', '""Negative""', '""QNS""']",,,,,,,,,,,,,s_oxyc_n,bio_bm_biosample_nail_results,Biological Mother,Core
,,,Candidate,String,Confirmatory test in nails: oxycodone (categorical) (oxyc),Unchanged,BioSpecimens,Item,Nominal,Text,USDTL Nail Toxicology results,,bio_bm_biosample_nail_results_bio_c_oxyc_n_cat,"['NULL', 1, 0, 3, 4]","['""""', '""Positive""', '""Negative""', '""QNS""', '""Screen negative""']",,,,,,,,,,,,,c_oxyc_n_cat,bio_bm_biosample_nail_results,Biological Mother,Core
,,,Candidate,Integer,Confirmatory test in nails: oxycodone (oxyc),Unchanged,BioSpecimens,Item,Discrete,Text,USDTL Nail Toxicology results,,bio_bm_biosample_nail_results_bio_c_oxyc_n,,,,,,,,,,,,,,,c_oxyc_n,bio_bm_biosample_nail_results,Biological Mother,Core
,,,Candidate,String,Unit for Confirmatory test in nails: oxycodone,Unchanged,BioSpecimens,Item,Nominal,Text,USDTL Nail Toxicology results,,bio_bm_biosample_nail_results_bio_c_oxyc_unit_n,,,,,,,,,,,,,,,c_oxyc_unit_n,bio_bm_biosample_nail_results,Biological Mother,Core
,,,Candidate,String,Confirmatory test in nails: noroxycodone (categorical) (oxyc),Unchanged,BioSpecimens,Item,Nominal,Text,USDTL Nail Toxicology results,,bio_bm_biosample_nail_results_bio_c_noxyc_n_cat,"['NULL', 1, 0, 3, 4]","['""""', '""Positive""', '""Negative""', '""QNS""', '""Screen negative""']",,,,,,,,,,,,,c_noxyc_n_cat,bio_bm_biosample_nail_results,Biological Mother,Core
,,,Candidate,Integer,Confirmatory test in nails: noroxycodone (oxyc),Unchanged,BioSpecimens,Item,Discrete,Text,USDTL Nail Toxicology results,,bio_bm_biosample_nail_results_bio_c_noxyc_n,,,,,,,,,,,,,,,c_noxyc_n,bio_bm_biosample_nail_results,Biological Mother,Core
,,,Candidate,String,Unit for Confirmatory test in nails: noroxycodone,Unchanged,BioSpecimens,Item,Nominal,Text,USDTL Nail Toxicology results,,bio_bm_biosample_nail_results_bio_c_noxyc_unit_n,,,,,,,,,,,,,,,c_noxyc_unit_n,bio_bm_biosample_nail_results,Biological Mother,Core
,,,Candidate,String,Confirmatory test in nails: oxymorphone (categorical) (oxyc),Unchanged,BioSpecimens,Item,Nominal,Text,USDTL Nail Toxicology results,,bio_bm_biosample_nail_results_bio_c_oxym_n_cat,"['NULL', 1, 0, 3, 4]","['""""', '""Positive""', '""Negative""', '""QNS""', '""Screen negative""']",,,,,,,,,,,,,c_oxym_n_cat,bio_bm_biosample_nail_results,Biological Mother,Core
,,,Candidate,Integer,Confirmatory test in nails: oxymorphone (oxyc),Unchanged,BioSpecimens,Item,Discrete,Text,USDTL Nail Toxicology results,,bio_bm_biosample_nail_results_bio_c_oxym_n,,,,,,,,,,,,,,,c_oxym_n,bio_bm_biosample_nail_results,Biological Mother,Core
,,,Candidate,String,Unit for Confirmatory test in nails: oxymorphone,Unchanged,BioSpecimens,Item,Nominal,Text,USDTL Nail Toxicology results,,bio_bm_biosample_nail_results_bio_c_oxym_unit_n,,,,,,,,,,,,,,,c_oxym_unit_n,bio_bm_biosample_nail_results,Biological Mother,Core
,,,Candidate,String,Screening test in fentanyl (fent),Unchanged,BioSpecimens,Item,Nominal,Text,USDTL Nail Toxicology results,,bio_bm_biosample_nail_results_bio_s_fent_n,"['NULL', 1, 0, 3]","['""""', '""Positive""', '""Negative""', '""QNS""']",,,,,,,,,,,,,s_fent_n,bio_bm_biosample_nail_results,Biological Mother,Core
,,,Candidate,String,Confirmatory test in nails: fentanyl (categorical) (fent),Unchanged,BioSpecimens,Item,Nominal,Text,USDTL Nail Toxicology results,,bio_bm_biosample_nail_results_bio_c_fent_n_cat,"['NULL', 1, 0, 3, 4]","['""""', '""Positive""', '""Negative""', '""QNS""', '""Screen negative""']",,,,,,,,,,,,,c_fent_n_cat,bio_bm_biosample_nail_results,Biological Mother,Core
,,,Candidate,Integer,Confirmatory test in nails: fentanyl (fent),Unchanged,BioSpecimens,Item,Discrete,Text,USDTL Nail Toxicology results,,bio_bm_biosample_nail_results_bio_c_fent_n,,,,,,,,,,,,,,,c_fent_n,bio_bm_biosample_nail_results,Biological Mother,Core
,,,Candidate,String,Unit for Confirmatory test in nails: fentanyl,Unchanged,BioSpecimens,Item,Nominal,Text,USDTL Nail Toxicology results,,bio_bm_biosample_nail_results_bio_c_fent_unit_n,,,,,,,,,,,,,,,c_fent_unit_n,bio_bm_biosample_nail_results,Biological Mother,Core
,,,Candidate,String,Confirmatory test in nails: norfentanyl (categorical) (fent),Unchanged,BioSpecimens,Item,Nominal,Text,USDTL Nail Toxicology results,,bio_bm_biosample_nail_results_bio_c_nfent_n_cat,"['NULL', 1, 0, 3, 4]","['""""', '""Positive""', '""Negative""', '""QNS""', '""Screen negative""']",,,,,,,,,,,,,c_nfent_n_cat,bio_bm_biosample_nail_results,Biological Mother,Core
,,,Candidate,Integer,Confirmatory test in nails: norfentanyl (fent),Unchanged,BioSpecimens,Item,Discrete,Text,USDTL Nail Toxicology results,,bio_bm_biosample_nail_results_bio_c_nfent_n,,,,,,,,,,,,,,,c_nfent_n,bio_bm_biosample_nail_results,Biological Mother,Core
,,,Candidate,String,Unit for Confirmatory test in nails: norfentanyl,Unchanged,BioSpecimens,Item,Nominal,Text,USDTL Nail Toxicology results,,bio_bm_biosample_nail_results_bio_c_nfent_unit_n,,,,,,,,,,,,,,,c_nfent_unit_n,bio_bm_biosample_nail_results,Biological Mother,Core
,,,Candidate,String,Confirmatory test in nails: acetylfentanyl (categorical) (fent),Unchanged,BioSpecimens,Item,Nominal,Text,USDTL Nail Toxicology results,,bio_bm_biosample_nail_results_bio_c_acfent_n_cat,"['NULL', 1, 0, 3, 4]","['""""', '""Positive""', '""Negative""', '""QNS""', '""Screen negative""']",,,,,,,,,,,,,c_acfent_n_cat,bio_bm_biosample_nail_results,Biological Mother,Core
,,,Candidate,Integer,Confirmatory test in nails: acetylfentanyl (fent),Unchanged,BioSpecimens,Item,Discrete,Text,USDTL Nail Toxicology results,,bio_bm_biosample_nail_results_bio_c_acfent_n,,,,,,,,,,,,,,,c_acfent_n,bio_bm_biosample_nail_results,Biological Mother,Core
,,,Candidate,String,Unit for Confirmatory test in nails: acetylfentanyl,Unchanged,BioSpecimens,Item,Nominal,Text,USDTL Nail Toxicology results,,bio_bm_biosample_nail_results_bio_c_acfent_unit_n,,,,,,,,,,,,,,,c_acfent_unit_n,bio_bm_biosample_nail_results,Biological Mother,Core
,,,Candidate,String,Confirmatory test in nails: acetylnorfentanyl (categorical) (fent),Unchanged,BioSpecimens,Item,Nominal,Text,USDTL Nail Toxicology results,,bio_bm_biosample_nail_results_bio_c_acnfent_n_cat,"['NULL', 1, 0, 3, 4]","['""""', '""Positive""', '""Negative""', '""QNS""', '""Screen negative""']",,,,,,,,,,,,,c_acnfent_n_cat,bio_bm_biosample_nail_results,Biological Mother,Core
,,,Candidate,Integer,Confirmatory test in nails: acetylnorfentanyl (fent),Unchanged,BioSpecimens,Item,Discrete,Text,USDTL Nail Toxicology results,,bio_bm_biosample_nail_results_bio_c_acnfent_n,,,,,,,,,,,,,,,c_acnfent_n,bio_bm_biosample_nail_results,Biological Mother,Core
,,,Candidate,String,Unit for Confirmatory test in nails: acetylnorfentanyl,Unchanged,BioSpecimens,Item,Nominal,Text,USDTL Nail Toxicology results,,bio_bm_biosample_nail_results_bio_c_acnfent_unit_n,,,,,,,,,,,,,,,c_acnfent_unit_n,bio_bm_biosample_nail_results,Biological Mother,Core
,,,Candidate,String,Screening test in sufentanil (suf),Unchanged,BioSpecimens,Item,Nominal,Text,USDTL Nail Toxicology results,,bio_bm_biosample_nail_results_bio_s_suf_n,"['NULL', 1, 0, 3]","['""""', '""Positive""', '""Negative""', '""QNS""']",,,,,,,,,,,,,s_suf_n,bio_bm_biosample_nail_results,Biological Mother,Core
,,,Candidate,String,Confirmatory test in nails: sufentanil (categorical) (suf),Unchanged,BioSpecimens,Item,Nominal,Text,USDTL Nail Toxicology results,,bio_bm_biosample_nail_results_bio_c_suf_n_cat,"['NULL', 1, 0, 3, 4]","['""""', '""Positive""', '""Negative""', '""QNS""', '""Screen negative""']",,,,,,,,,,,,,c_suf_n_cat,bio_bm_biosample_nail_results,Biological Mother,Core
,,,Candidate,Integer,Confirmatory test in nails: sufentanil (suf),Unchanged,BioSpecimens,Item,Discrete,Text,USDTL Nail Toxicology results,,bio_bm_biosample_nail_results_bio_c_suf_n,,,,,,,,,,,,,,,c_suf_n,bio_bm_biosample_nail_results,Biological Mother,Core
,,,Candidate,String,Unit for Confirmatory test in nails: sufentanil,Unchanged,BioSpecimens,Item,Nominal,Text,USDTL Nail Toxicology results,,bio_bm_biosample_nail_results_bio_c_suf_unit_n,,,,,,,,,,,,,,,c_suf_unit_n,bio_bm_biosample_nail_results,Biological Mother,Core
,,,Candidate,String,Confirmatory test in nails: alfentanil (categorical) (suf),Unchanged,BioSpecimens,Item,Nominal,Text,USDTL Nail Toxicology results,,bio_bm_biosample_nail_results_bio_c_afent_n_cat,"['NULL', 1, 0, 3, 4]","['""""', '""Positive""', '""Negative""', '""QNS""', '""Screen negative""']",,,,,,,,,,,,,c_afent_n_cat,bio_bm_biosample_nail_results,Biological Mother,Core
,,,Candidate,Integer,Confirmatory test in nails: alfentanil (suf),Unchanged,BioSpecimens,Item,Discrete,Text,USDTL Nail Toxicology results,,bio_bm_biosample_nail_results_bio_c_afent_n,,,,,,,,,,,,,,,c_afent_n,bio_bm_biosample_nail_results,Biological Mother,Core
,,,Candidate,String,Unit for Confirmatory test in nails: alfentanil,Unchanged,BioSpecimens,Item,Nominal,Text,USDTL Nail Toxicology results,,bio_bm_biosample_nail_results_bio_c_afent_unit_n,,,,,,,,,,,,,,,c_afent_unit_n,bio_bm_biosample_nail_results,Biological Mother,Core
,,,Candidate,String,Confirmatory test in nails: norsufentanil (categorical) (suf),Unchanged,BioSpecimens,Item,Nominal,Text,USDTL Nail Toxicology results,,bio_bm_biosample_nail_results_bio_c_nsuf_n_cat,"['NULL', 1, 0, 3, 4]","['""""', '""Positive""', '""Negative""', '""QNS""', '""Screen negative""']",,,,,,,,,,,,,c_nsuf_n_cat,bio_bm_biosample_nail_results,Biological Mother,Core
,,,Candidate,Integer,Confirmatory test in nails: norsufentanil (suf),Unchanged,BioSpecimens,Item,Discrete,Text,USDTL Nail Toxicology results,,bio_bm_biosample_nail_results_bio_c_nsuf_n,,,,,,,,,,,,,,,c_nsuf_n,bio_bm_biosample_nail_results,Biological Mother,Core
,,,Candidate,String,Unit for Confirmatory test in nails: norsufentanil,Unchanged,BioSpecimens,Item,Nominal,Text,USDTL Nail Toxicology results,,bio_bm_biosample_nail_results_bio_c_nsuf_unit_n,,,,,,,,,,,,,,,c_nsuf_unit_n,bio_bm_biosample_nail_results,Biological Mother,Core
,,,Candidate,String,Screening test in buprenorphine (bup),Unchanged,BioSpecimens,Item,Nominal,Text,USDTL Nail Toxicology results,,bio_bm_biosample_nail_results_bio_s_bup_n,"['NULL', 1, 0, 3]","['""""', '""Positive""', '""Negative""', '""QNS""']",,,,,,,,,,,,,s_bup_n,bio_bm_biosample_nail_results,Biological Mother,Core
,,,Candidate,String,Confirmatory test in nails: buprenorphine (categorical) (bup),Unchanged,BioSpecimens,Item,Nominal,Text,USDTL Nail Toxicology results,,bio_bm_biosample_nail_results_bio_c_bup_n_cat,"['NULL', 1, 0, 3, 4]","['""""', '""Positive""', '""Negative""', '""QNS""', '""Screen negative""']",,,,,,,,,,,,,c_bup_n_cat,bio_bm_biosample_nail_results,Biological Mother,Core
,,,Candidate,Integer,Confirmatory test in nails: buprenorphine (bup),Unchanged,BioSpecimens,Item,Discrete,Text,USDTL Nail Toxicology results,,bio_bm_biosample_nail_results_bio_c_bup_n,,,,,,,,,,,,,,,c_bup_n,bio_bm_biosample_nail_results,Biological Mother,Core
,,,Candidate,String,Unit for Confirmatory test in nails: buprenorphine,Unchanged,BioSpecimens,Item,Nominal,Text,USDTL Nail Toxicology results,,bio_bm_biosample_nail_results_bio_c_bup_unit_n,,,,,,,,,,,,,,,c_bup_unit_n,bio_bm_biosample_nail_results,Biological Mother,Core
,,,Candidate,String,Confirmatory test in nails: norbuprenorphine (categorical) (bup),Unchanged,BioSpecimens,Item,Nominal,Text,USDTL Nail Toxicology results,,bio_bm_biosample_nail_results_bio_c_nbup_n_cat,"['NULL', 1, 0, 3, 4]","['""""', '""Positive""', '""Negative""', '""QNS""', '""Screen negative""']",,,,,,,,,,,,,c_nbup_n_cat,bio_bm_biosample_nail_results,Biological Mother,Core
,,,Candidate,Integer,Confirmatory test in nails: norbuprenorphine (bup),Unchanged,BioSpecimens,Item,Discrete,Text,USDTL Nail Toxicology results,,bio_bm_biosample_nail_results_bio_c_nbup_n,,,,,,,,,,,,,,,c_nbup_n,bio_bm_biosample_nail_results,Biological Mother,Core
,,,Candidate,String,Unit for Confirmatory test in nails: norbuprenorphine,Unchanged,BioSpecimens,Item,Nominal,Text,USDTL Nail Toxicology results,,bio_bm_biosample_nail_results_bio_c_nbup_unit_n,,,,,,,,,,,,,,,c_nbup_unit_n,bio_bm_biosample_nail_results,Biological Mother,Core
,,,Candidate,String,Screening test in tramadol (tram),Unchanged,BioSpecimens,Item,Nominal,Text,USDTL Nail Toxicology results,,bio_bm_biosample_nail_results_bio_s_tram_n,"['NULL', 1, 0, 3]","['""""', '""Positive""', '""Negative""', '""QNS""']",,,,,,,,,,,,,s_tram_n,bio_bm_biosample_nail_results,Biological Mother,Core
,,,Candidate,String,Confirmatory test in nails: tramadol (categorical) (tram),Unchanged,BioSpecimens,Item,Nominal,Text,USDTL Nail Toxicology results,,bio_bm_biosample_nail_results_bio_c_tram_n_cat,"['NULL', 1, 0, 3, 4]","['""""', '""Positive""', '""Negative""', '""QNS""', '""Screen negative""']",,,,,,,,,,,,,c_tram_n_cat,bio_bm_biosample_nail_results,Biological Mother,Core
,,,Candidate,Integer,Confirmatory test in nails: tramadol (tram),Unchanged,BioSpecimens,Item,Discrete,Text,USDTL Nail Toxicology results,,bio_bm_biosample_nail_results_bio_c_tram_n,,,,,,,,,,,,,,,c_tram_n,bio_bm_biosample_nail_results,Biological Mother,Core
,,,Candidate,String,Unit for Confirmatory test in nails: tramadol,Unchanged,BioSpecimens,Item,Nominal,Text,USDTL Nail Toxicology results,,bio_bm_biosample_nail_results_bio_c_tram_unit_n,,,,,,,,,,,,,,,c_tram_unit_n,bio_bm_biosample_nail_results,Biological Mother,Core
,,,Candidate,String,Any cotinine in nails (based on confirmatory results for cotinine and nicotine),Unchanged,BioSpecimens,Item,Nominal,Text,USDTL Nail Toxicology results,,bio_bm_biosample_nail_results_bio_c_nicotine_n,"['NULL', 1, 0, 3]","['""""', '""Positive""', '""Negative""', '""QNS""']",,,,,,,,,,,,,c_nicotine_n,bio_bm_biosample_nail_results,Biological Mother,Core
,,,Candidate,String,Screening test in cotinine (cot),Unchanged,BioSpecimens,Item,Nominal,Text,USDTL Nail Toxicology results,,bio_bm_biosample_nail_results_bio_s_cot_n,"['NULL', 1, 0, 3]","['""""', '""Positive""', '""Negative""', '""QNS""']",,,,,,,,,,,,,s_cot_n,bio_bm_biosample_nail_results,Biological Mother,Core
,,,Candidate,String,Confirmatory test in nails: cotinine (categorical) (cot),Unchanged,BioSpecimens,Item,Nominal,Text,USDTL Nail Toxicology results,,bio_bm_biosample_nail_results_bio_c_cot_n_cat,"['NULL', 1, 0, 3, 4]","['""""', '""Positive""', '""Negative""', '""QNS""', '""Screen negative""']",,,,,,,,,,,,,c_cot_n_cat,bio_bm_biosample_nail_results,Biological Mother,Core
,,,Candidate,Integer,Confirmatory test in nails: cotinine (cot),Unchanged,BioSpecimens,Item,Discrete,Text,USDTL Nail Toxicology results,,bio_bm_biosample_nail_results_bio_c_cot_n,,,,,,,,,,,,,,,c_cot_n,bio_bm_biosample_nail_results,Biological Mother,Core
,,,Candidate,String,Unit for Confirmatory test in nails: cotinine,Unchanged,BioSpecimens,Item,Nominal,Text,USDTL Nail Toxicology results,,bio_bm_biosample_nail_results_bio_c_cot_unit_n,,,,,,,,,,,,,,,c_cot_unit_n,bio_bm_biosample_nail_results,Biological Mother,Core
,,,Candidate,String,Confirmatory test in nails: nicotine (categorical) (cot),Unchanged,BioSpecimens,Item,Nominal,Text,USDTL Nail Toxicology results,,bio_bm_biosample_nail_results_bio_c_nic_n_cat,"['NULL', 1, 0, 3, 4]","['""""', '""Positive""', '""Negative""', '""QNS""', '""Screen negative""']",,,,,,,,,,,,,c_nic_n_cat,bio_bm_biosample_nail_results,Biological Mother,Core
,,,Candidate,Integer,Confirmatory test in nails: nicotine (cot),Unchanged,BioSpecimens,Item,Discrete,Text,USDTL Nail Toxicology results,,bio_bm_biosample_nail_results_bio_c_nic_n,,,,,,,,,,,,,,,c_nic_n,bio_bm_biosample_nail_results,Biological Mother,Core
,,,Candidate,String,Unit for Confirmatory test in nails: nicotine,Unchanged,BioSpecimens,Item,Nominal,Text,USDTL Nail Toxicology results,,bio_bm_biosample_nail_results_bio_c_nic_unit_n,,,,,,,,,,,,,,,c_nic_unit_n,bio_bm_biosample_nail_results,Biological Mother,Core
,,,Candidate,String,"Any dissociative anesthetics in nails (based on confirmatory results for ketamine, norketamine)",Unchanged,BioSpecimens,Item,Nominal,Text,USDTL Nail Toxicology results,,bio_bm_biosample_nail_results_bio_c_disanesth_n,"['NULL', 1, 0, 3]","['""""', '""Positive""', '""Negative""', '""QNS""']",,,,,,,,,,,,,c_disanesth_n,bio_bm_biosample_nail_results,Biological Mother,Core
,,,Candidate,String,Screening test in ketamine (ket),Unchanged,BioSpecimens,Item,Nominal,Text,USDTL Nail Toxicology results,,bio_bm_biosample_nail_results_bio_s_ket_n,"['NULL', 1, 0, 3]","['""""', '""Positive""', '""Negative""', '""QNS""']",,,,,,,,,,,,,s_ket_n,bio_bm_biosample_nail_results,Biological Mother,Core
,,,Candidate,String,Confirmatory test in nails: ketamine (categorical) (ket),Unchanged,BioSpecimens,Item,Nominal,Text,USDTL Nail Toxicology results,,bio_bm_biosample_nail_results_bio_c_ket_n_cat,"['NULL', 1, 0, 3, 4]","['""""', '""Positive""', '""Negative""', '""QNS""', '""Screen negative""']",,,,,,,,,,,,,c_ket_n_cat,bio_bm_biosample_nail_results,Biological Mother,Core
,,,Candidate,Integer,Confirmatory test in nails: ketamine (ket),Unchanged,BioSpecimens,Item,Discrete,Text,USDTL Nail Toxicology results,,bio_bm_biosample_nail_results_bio_c_ket_n,,,,,,,,,,,,,,,c_ket_n,bio_bm_biosample_nail_results,Biological Mother,Core
,,,Candidate,String,Unit for Confirmatory test in nails: ketamine,Unchanged,BioSpecimens,Item,Nominal,Text,USDTL Nail Toxicology results,,bio_bm_biosample_nail_results_bio_c_ket_unit_n,,,,,,,,,,,,,,,c_ket_unit_n,bio_bm_biosample_nail_results,Biological Mother,Core
,,,Candidate,String,Confirmatory test in nails: norketamine (categorical) (ket),Unchanged,BioSpecimens,Item,Nominal,Text,USDTL Nail Toxicology results,,bio_bm_biosample_nail_results_bio_c_nket_n_cat,"['NULL', 1, 0, 3, 4]","['""""', '""Positive""', '""Negative""', '""QNS""', '""Screen negative""']",,,,,,,,,,,,,c_nket_n_cat,bio_bm_biosample_nail_results,Biological Mother,Core
,,,Candidate,Integer,Confirmatory test in nails: norketamine (ket),Unchanged,BioSpecimens,Item,Discrete,Text,USDTL Nail Toxicology results,,bio_bm_biosample_nail_results_bio_c_nket_n,,,,,,,,,,,,,,,c_nket_n,bio_bm_biosample_nail_results,Biological Mother,Core
,,,Candidate,String,Unit for Confirmatory test in nails: norketamine,Unchanged,BioSpecimens,Item,Nominal,Text,USDTL Nail Toxicology results,,bio_bm_biosample_nail_results_bio_c_nket_unit_n,,,,,,,,,,,,,,,c_nket_unit_n,bio_bm_biosample_nail_results,Biological Mother,Core
,,,Candidate,String,Any alcohol in nails (based on confirmatory results for ethyl glucuronide; directed confirmation),Unchanged,BioSpecimens,Item,Nominal,Text,USDTL Nail Toxicology results,,bio_bm_biosample_nail_results_bio_c_ethanol_n,"['NULL', 1, 0, 3]","['""""', '""Positive""', '""Negative""', '""QNS""']",,,,,,,,,,,,,c_ethanol_n,bio_bm_biosample_nail_results,Biological Mother,Core
,,,Candidate,Integer,Confirmatory test in nails: ethyl glucuronide,Unchanged,BioSpecimens,Item,Discrete,Text,USDTL Nail Toxicology results,,bio_bm_biosample_nail_results_bio_c_etoh_n,,,,,,,,,,,,,,,c_etoh_n,bio_bm_biosample_nail_results,Biological Mother,Core
,,,Candidate,String,Unit for Confirmatory test in nails: ethyl glucuronide,Unchanged,BioSpecimens,Item,Nominal,Text,USDTL Nail Toxicology results,,bio_bm_biosample_nail_results_bio_c_etoh_unit_n,,,,,,,,,,,,,,,c_etoh_unit_n,bio_bm_biosample_nail_results,Biological Mother,Core
,,,Candidate,Date,Collection date,Unchanged,BioSpecimens,Item,Continuous,Text,USDTL Nail Toxicology results,,bio_bm_biosample_nail_results_bio_collect_date,,,,,,,,,,,,,,,collect_date,bio_bm_biosample_nail_results,Biological Mother,Core
,,,Candidate,Date,Received date,Unchanged,BioSpecimens,Item,Continuous,Text,USDTL Nail Toxicology results,,bio_bm_biosample_nail_results_bio_receive_date,,,,,,,,,,,,,,,receive_date,bio_bm_biosample_nail_results,Biological Mother,Core
,,,Candidate,Date,Report date,Unchanged,BioSpecimens,Item,Continuous,Text,USDTL Nail Toxicology results,,bio_bm_biosample_nail_results_bio_report_date,,,,,,,,,,,,,,,report_date,bio_bm_biosample_nail_results,Biological Mother,Core
,,,Candidate,String,Specimen level result (positive for any analyte in confirmatory tests),Unchanged,BioSpecimens,Item,Nominal,Text,USDTL Urine Toxicology results,,bio_bm_biosample_urine_results_bio_c_any_specimen_u,"['NULL', 1, 0, 3]","['""""', '""Positive""', '""Negative""', '""Invalid""']",,,,,,,,,,,,,c_any_specimen_u,bio_bm_biosample_urine_results,Biological Mother,Core
,,,Candidate,String,"Any stimulants in urine (based on confirmatory results for amphetamine, methamphetamine, MDM, MDA, MDEA, benzoylecgonine)",Unchanged,BioSpecimens,Item,Nominal,Text,USDTL Urine Toxicology results,,bio_bm_biosample_urine_results_bio_c_any_stim_u,"['NULL', 1, 0, 3]","['""""', '""Positive""', '""Negative""', '""Invalid""']",,,,,,,,,,,,,c_any_stim_u,bio_bm_biosample_urine_results,Biological Mother,Core
,,,Candidate,String,Screening test in urine: amphetamines (amp),Unchanged,BioSpecimens,Item,Nominal,Text,USDTL Urine Toxicology results,,bio_bm_biosample_urine_results_bio_s_amp_u,"['NULL', 1, 0, 3]","['""""', '""Positive""', '""Negative""', '""Invalid""']",,,,,,,,,,,,,s_amp_u,bio_bm_biosample_urine_results,Biological Mother,Core
,,,Candidate,String,Confirmatory test in urine: amphetamine (categorical) (amp),Unchanged,BioSpecimens,Item,Nominal,Text,USDTL Urine Toxicology results,,bio_bm_biosample_urine_results_bio_c_amp_u_cat,"['NULL', 1, 0, 3, 4]","['""""', '""Positive""', '""Negative""', '""Cancelled""', '""Screen negative""']",,,,,,,,,,,,,c_amp_u_cat,bio_bm_biosample_urine_results,Biological Mother,Core
,,,Candidate,Integer,Confirmatory test in urine: amphetamine (amp),Unchanged,BioSpecimens,Item,Discrete,Text,USDTL Urine Toxicology results,,bio_bm_biosample_urine_results_bio_c_amp_u,,,,,,,,,,,,,,,c_amp_u,bio_bm_biosample_urine_results,Biological Mother,Core
,,,Candidate,String,Unit for Confirmatory test in urine: amphetamine,Unchanged,BioSpecimens,Item,Nominal,Text,USDTL Urine Toxicology results,,bio_bm_biosample_urine_results_bio_c_amp_unit_u,,,,,,,,,,,,,,,c_amp_unit_u,bio_bm_biosample_urine_results,Biological Mother,Core
,,,Candidate,String,Confirmatory test in urine: methamphetamine (categorical) (amp),Unchanged,BioSpecimens,Item,Nominal,Text,USDTL Urine Toxicology results,,bio_bm_biosample_urine_results_bio_c_meth_u_cat,"['NULL', 1, 0, 3, 4]","['""""', '""Positive""', '""Negative""', '""Cancelled""', '""Screen negative""']",,,,,,,,,,,,,c_meth_u_cat,bio_bm_biosample_urine_results,Biological Mother,Core
,,,Candidate,Integer,Confirmatory test in urine: methamphetamine (amp),Unchanged,BioSpecimens,Item,Discrete,Text,USDTL Urine Toxicology results,,bio_bm_biosample_urine_results_bio_c_meth_u,,,,,,,,,,,,,,,c_meth_u,bio_bm_biosample_urine_results,Biological Mother,Core
,,,Candidate,String,Unit for Confirmatory test in urine: methamphetamine,Unchanged,BioSpecimens,Item,Nominal,Text,USDTL Urine Toxicology results,,bio_bm_biosample_urine_results_bio_c_meth_unit_u,,,,,,,,,,,,,,,c_meth_unit_u,bio_bm_biosample_urine_results,Biological Mother,Core
,,,Candidate,String,Screening test in urine: MDMA (MDMA),Unchanged,BioSpecimens,Item,Nominal,Text,USDTL Urine Toxicology results,,bio_bm_biosample_urine_results_bio_s_mdma_u,"['NULL', 1, 0, 3]","['""""', '""Positive""', '""Negative""', '""Invalid""']",,,,,,,,,,,,,s_mdma_u,bio_bm_biosample_urine_results,Biological Mother,Core
,,,Candidate,String,Confirmatory test in urine: MDM (categorical) (MDMA),Unchanged,BioSpecimens,Item,Nominal,Text,USDTL Urine Toxicology results,,bio_bm_biosample_urine_results_bio_c_mdm_u_cat,"['NULL', 1, 0, 3, 4]","['""""', '""Positive""', '""Negative""', '""Cancelled""', '""Screen negative""']",,,,,,,,,,,,,c_mdm_u_cat,bio_bm_biosample_urine_results,Biological Mother,Core
,,,Candidate,Integer,Confirmatory test in urine: MDM (MDMA),Unchanged,BioSpecimens,Item,Discrete,Text,USDTL Urine Toxicology results,,bio_bm_biosample_urine_results_bio_c_mdm_u,,,,,,,,,,,,,,,c_mdm_u,bio_bm_biosample_urine_results,Biological Mother,Core
,,,Candidate,String,Unit for Confirmatory test in urine: MDM,Unchanged,BioSpecimens,Item,Nominal,Text,USDTL Urine Toxicology results,,bio_bm_biosample_urine_results_bio_c_mdm_unit_u,,,,,,,,,,,,,,,c_mdm_unit_u,bio_bm_biosample_urine_results,Biological Mother,Core
,,,Candidate,String,Confirmatory test in urine: MDA (categorical) (MDMA),Unchanged,BioSpecimens,Item,Nominal,Text,USDTL Urine Toxicology results,,bio_bm_biosample_urine_results_bio_c_mda_u_cat,"['NULL', 1, 0, 3, 4]","['""""', '""Positive""', '""Negative""', '""Cancelled""', '""Screen negative""']",,,,,,,,,,,,,c_mda_u_cat,bio_bm_biosample_urine_results,Biological Mother,Core
,,,Candidate,Integer,Confirmatory test in urine: MDA (MDMA),Unchanged,BioSpecimens,Item,Discrete,Text,USDTL Urine Toxicology results,,bio_bm_biosample_urine_results_bio_c_mda_u,,,,,,,,,,,,,,,c_mda_u,bio_bm_biosample_urine_results,Biological Mother,Core
,,,Candidate,String,Unit for Confirmatory test in urine: MDA,Unchanged,BioSpecimens,Item,Nominal,Text,USDTL Urine Toxicology results,,bio_bm_biosample_urine_results_bio_c_mda_unit_u,,,,,,,,,,,,,,,c_mda_unit_u,bio_bm_biosample_urine_results,Biological Mother,Core
,,,Candidate,String,Confirmatory test in urine: MDEA (categorical) (MDMA),Unchanged,BioSpecimens,Item,Nominal,Text,USDTL Urine Toxicology results,,bio_bm_biosample_urine_results_bio_c_mdea_u_cat,"['NULL', 1, 0, 3, 4]","['""""', '""Positive""', '""Negative""', '""Cancelled""', '""Screen negative""']",,,,,,,,,,,,,c_mdea_u_cat,bio_bm_biosample_urine_results,Biological Mother,Core
,,,Candidate,Integer,Confirmatory test in urine: MDEA (MDMA),Unchanged,BioSpecimens,Item,Discrete,Text,USDTL Urine Toxicology results,,bio_bm_biosample_urine_results_bio_c_mdea_u,,,,,,,,,,,,,,,c_mdea_u,bio_bm_biosample_urine_results,Biological Mother,Core
,,,Candidate,String,Unit for Confirmatory test in urine: MDEA,Unchanged,BioSpecimens,Item,Nominal,Text,USDTL Urine Toxicology results,,bio_bm_biosample_urine_results_bio_c_mdea_unit_u,,,,,,,,,,,,,,,c_mdea_unit_u,bio_bm_biosample_urine_results,Biological Mother,Core
,,,Candidate,String,Screening test in urine: cocaine (coc),Unchanged,BioSpecimens,Item,Nominal,Text,USDTL Urine Toxicology results,,bio_bm_biosample_urine_results_bio_s_coc_u,"['NULL', 1, 0, 3]","['""""', '""Positive""', '""Negative""', '""Invalid""']",,,,,,,,,,,,,s_coc_u,bio_bm_biosample_urine_results,Biological Mother,Core
,,,Candidate,String,Confirmatory test in urine: benzoylecgonine (categorical) (coc),Unchanged,BioSpecimens,Item,Nominal,Text,USDTL Urine Toxicology results,,bio_bm_biosample_urine_results_bio_c_ben_u_cat,"['NULL', 1, 0, 3, 4]","['""""', '""Positive""', '""Negative""', '""Cancelled""', '""Screen negative""']",,,,,,,,,,,,,c_ben_u_cat,bio_bm_biosample_urine_results,Biological Mother,Core
,,,Candidate,Integer,Confirmatory test in urine: benzoylecgonine (coc),Unchanged,BioSpecimens,Item,Discrete,Text,USDTL Urine Toxicology results,,bio_bm_biosample_urine_results_bio_c_ben_u,,,,,,,,,,,,,,,c_ben_u,bio_bm_biosample_urine_results,Biological Mother,Core
,,,Candidate,String,Unit for Confirmatory test in urine: benzoylecgonine,Unchanged,BioSpecimens,Item,Nominal,Text,USDTL Urine Toxicology results,,bio_bm_biosample_urine_results_bio_c_ben_unit_u,,,,,,,,,,,,,,,c_ben_unit_u,bio_bm_biosample_urine_results,Biological Mother,Core
,,,Candidate,String,"Any cannabinoid in urine (based on confirmatory results for delta 9, cannabidiol, delta 8)",Unchanged,BioSpecimens,Item,Nominal,Text,USDTL Urine Toxicology results,,bio_bm_biosample_urine_results_bio_c_any_cannabinoid_u,"['NULL', 1, 0, 3]","['""""', '""Positive""', '""Negative""', '""Invalid""']",,,,,,,,,,,,,c_any_cannabinoid_u,bio_bm_biosample_urine_results,Biological Mother,Core
,,,Candidate,String,Screening test in urine: cannabinoids (thc),Unchanged,BioSpecimens,Item,Nominal,Text,USDTL Urine Toxicology results,,bio_bm_biosample_urine_results_bio_s_thc_u,"['NULL', 1, 0, 3]","['""""', '""Positive""', '""Negative""', '""Invalid""']",,,,,,,,,,,,,s_thc_u,bio_bm_biosample_urine_results,Biological Mother,Core
,,,Candidate,String,Confirmatory test in urine: Carboxy-delta-9-THC  (categorical) (thc),Unchanged,BioSpecimens,Item,Nominal,Text,USDTL Urine Toxicology results,,bio_bm_biosample_urine_results_bio_c_delta-9-THC_u_cat,"['NULL', 1, 0, 3, 4]","['""""', '""Positive""', '""Negative""', '""Cancelled""', '""Screen negative""']",,,,,,,,,,,,,c_delta-9-THC_u_cat,bio_bm_biosample_urine_results,Biological Mother,Core
,,,Candidate,Integer,Confirmatory test in urine: Carboxy-delta-9-THC (thc),Unchanged,BioSpecimens,Item,Discrete,Text,USDTL Urine Toxicology results,,bio_bm_biosample_urine_results_bio_c_delta-9-THC_u,,,,,,,,,,,,,,,c_delta-9-THC_u,bio_bm_biosample_urine_results,Biological Mother,Core
,,,Candidate,String,Unit for Confirmatory test in urine: Carboxy-delta-9-THC,Unchanged,BioSpecimens,Item,Nominal,Text,USDTL Urine Toxicology results,,bio_bm_biosample_urine_results_bio_c_delta-9-THC_unit_u,,,,,,,,,,,,,,,c_delta-9-THC_unit_u,bio_bm_biosample_urine_results,Biological Mother,Core
,,,Candidate,String,Confirmatory test in urine: Carboxy-Cannabidiol (categorical) (thc),Unchanged,BioSpecimens,Item,Nominal,Text,USDTL Urine Toxicology results,,bio_bm_biosample_urine_results_bio_c_cannabidiol_u_cat,"['NULL', 1, 0, 3, 4]","['""""', '""Positive""', '""Negative""', '""Cancelled""', '""Screen negative""']",,,,,,,,,,,,,c_cannabidiol_u_cat,bio_bm_biosample_urine_results,Biological Mother,Core
,,,Candidate,Integer,Confirmatory test in urine: Carboxy-Cannabidiol (thc),Unchanged,BioSpecimens,Item,Discrete,Text,USDTL Urine Toxicology results,,bio_bm_biosample_urine_results_bio_c_cannabidiol_u,,,,,,,,,,,,,,,c_cannabidiol_u,bio_bm_biosample_urine_results,Biological Mother,Core
,,,Candidate,String,Unit for Confirmatory test in urine: Carboxy-Cannabidiol,Unchanged,BioSpecimens,Item,Nominal,Text,USDTL Urine Toxicology results,,bio_bm_biosample_urine_results_bio_c_cannabidiol_unit_u,,,,,,,,,,,,,,,c_cannabidiol_unit_u,bio_bm_biosample_urine_results,Biological Mother,Core
,,,Candidate,String,Confirmatory test in urine: Carboxy-delta-8-THC (categorical) (thc),Unchanged,BioSpecimens,Item,Nominal,Text,USDTL Urine Toxicology results,,bio_bm_biosample_urine_results_bio_c_delta-8-THC_u_cat,"['NULL', 1, 0, 3, 4]","['""""', '""Positive""', '""Negative""', '""Cancelled""', '""Screen negative""']",,,,,,,,,,,,,c_delta-8-THC_u_cat,bio_bm_biosample_urine_results,Biological Mother,Core
,,,Candidate,Integer,Confirmatory test in urine: Carboxy-delta-8-THC (thc),Unchanged,BioSpecimens,Item,Discrete,Text,USDTL Urine Toxicology results,,bio_bm_biosample_urine_results_bio_c_delta-8-THC_u,,,,,,,,,,,,,,,c_delta-8-THC_u,bio_bm_biosample_urine_results,Biological Mother,Core
,,,Candidate,String,Unit for Confirmatory test in urine: Carboxy-delta-8-THC,Unchanged,BioSpecimens,Item,Nominal,Text,USDTL Urine Toxicology results,,bio_bm_biosample_urine_results_bio_c_delta-8-THC_unit_u,,,,,,,,,,,,,,,c_delta-8-THC_unit_u,bio_bm_biosample_urine_results,Biological Mother,Core
,,,Candidate,String,"Any barbiturate in urine (based on confirmatory results for amaobarb, secobarb, pentobarb, phenobarb, butalbital)",Unchanged,BioSpecimens,Item,Nominal,Text,USDTL Urine Toxicology results,,bio_bm_biosample_urine_results_bio_c_any_barb_u,"['NULL', 1, 0, 3]","['""""', '""Positive""', '""Negative""', '""Invalid""']",,,,,,,,,,,,,c_any_barb_u,bio_bm_biosample_urine_results,Biological Mother,Core
,,,Candidate,String,Screening test in urine: barbiturates (bar),Unchanged,BioSpecimens,Item,Nominal,Text,USDTL Urine Toxicology results,,bio_bm_biosample_urine_results_bio_s_bar_u,"['NULL', 1, 0, 3]","['""""', '""Positive""', '""Negative""', '""Invalid""']",,,,,,,,,,,,,s_bar_u,bio_bm_biosample_urine_results,Biological Mother,Core
,,,Candidate,String,Confirmatory test in urine: amobarbital (categorical) (bar),Unchanged,BioSpecimens,Item,Nominal,Text,USDTL Urine Toxicology results,,bio_bm_biosample_urine_results_bio_c_amobarb_u_cat,"['NULL', 1, 0, 3, 4]","['""""', '""Positive""', '""Negative""', '""Cancelled""', '""Screen negative""']",,,,,,,,,,,,,c_amobarb_u_cat,bio_bm_biosample_urine_results,Biological Mother,Core
,,,Candidate,Integer,Confirmatory test in urine: amobarbital (bar),Unchanged,BioSpecimens,Item,Discrete,Text,USDTL Urine Toxicology results,,bio_bm_biosample_urine_results_bio_c_amobarb_u,,,,,,,,,,,,,,,c_amobarb_u,bio_bm_biosample_urine_results,Biological Mother,Core
,,,Candidate,String,Unit for Confirmatory test in urine: amobarbital,Unchanged,BioSpecimens,Item,Nominal,Text,USDTL Urine Toxicology results,,bio_bm_biosample_urine_results_bio_c_amobarb_unit_u,,,,,,,,,,,,,,,c_amobarb_unit_u,bio_bm_biosample_urine_results,Biological Mother,Core
,,,Candidate,String,Confirmatory test in urine: secobarbital (categorical) (bar),Unchanged,BioSpecimens,Item,Nominal,Text,USDTL Urine Toxicology results,,bio_bm_biosample_urine_results_bio_c_secobarb_u_cat,"['NULL', 1, 0, 3, 4]","['""""', '""Positive""', '""Negative""', '""Cancelled""', '""Screen negative""']",,,,,,,,,,,,,c_secobarb_u_cat,bio_bm_biosample_urine_results,Biological Mother,Core
,,,Candidate,Integer,Confirmatory test in urine: secobarbital (bar),Unchanged,BioSpecimens,Item,Discrete,Text,USDTL Urine Toxicology results,,bio_bm_biosample_urine_results_bio_c_secobarb_u,,,,,,,,,,,,,,,c_secobarb_u,bio_bm_biosample_urine_results,Biological Mother,Core
,,,Candidate,String,Unit for Confirmatory test in urine: secobarbital,Unchanged,BioSpecimens,Item,Nominal,Text,USDTL Urine Toxicology results,,bio_bm_biosample_urine_results_bio_c_secobarb_unit_u,,,,,,,,,,,,,,,c_secobarb_unit_u,bio_bm_biosample_urine_results,Biological Mother,Core
,,,Candidate,String,Confirmatory test in urine: pentobarbital (categorical) (bar),Unchanged,BioSpecimens,Item,Nominal,Text,USDTL Urine Toxicology results,,bio_bm_biosample_urine_results_bio_c_pentobarb_u_cat,"['NULL', 1, 0, 3, 4]","['""""', '""Positive""', '""Negative""', '""Cancelled""', '""Screen negative""']",,,,,,,,,,,,,c_pentobarb_u_cat,bio_bm_biosample_urine_results,Biological Mother,Core
,,,Candidate,Integer,Confirmatory test in urine: pentobarbital (bar),Unchanged,BioSpecimens,Item,Discrete,Text,USDTL Urine Toxicology results,,bio_bm_biosample_urine_results_bio_c_pentobarb_u,,,,,,,,,,,,,,,c_pentobarb_u,bio_bm_biosample_urine_results,Biological Mother,Core
,,,Candidate,String,Unit for Confirmatory test in urine: pentobarbital,Unchanged,BioSpecimens,Item,Nominal,Text,USDTL Urine Toxicology results,,bio_bm_biosample_urine_results_bio_c_pentobarb_unit_u,,,,,,,,,,,,,,,c_pentobarb_unit_u,bio_bm_biosample_urine_results,Biological Mother,Core
,,,Candidate,String,Confirmatory test in urine: phenobarbital (categorical) (bar),Unchanged,BioSpecimens,Item,Nominal,Text,USDTL Urine Toxicology results,,bio_bm_biosample_urine_results_bio_c_phenobarb_u_cat,"['NULL', 1, 0, 3, 4]","['""""', '""Positive""', '""Negative""', '""Cancelled""', '""Screen negative""']",,,,,,,,,,,,,c_phenobarb_u_cat,bio_bm_biosample_urine_results,Biological Mother,Core
,,,Candidate,Integer,Confirmatory test in urine: phenobarbital (bar),Unchanged,BioSpecimens,Item,Discrete,Text,USDTL Urine Toxicology results,,bio_bm_biosample_urine_results_bio_c_phenobarb_u,,,,,,,,,,,,,,,c_phenobarb_u,bio_bm_biosample_urine_results,Biological Mother,Core
,,,Candidate,String,Unit for Confirmatory test in urine: phenobarbital,Unchanged,BioSpecimens,Item,Nominal,Text,USDTL Urine Toxicology results,,bio_bm_biosample_urine_results_bio_c_phenobarb_unit_u,,,,,,,,,,,,,,,c_phenobarb_unit_u,bio_bm_biosample_urine_results,Biological Mother,Core
,,,Candidate,String,Confirmatory test in urine: butalbital (categorical) (bar),Unchanged,BioSpecimens,Item,Nominal,Text,USDTL Urine Toxicology results,,bio_bm_biosample_urine_results_bio_c_butalbital_u_cat,"['NULL', 1, 0, 3, 4]","['""""', '""Positive""', '""Negative""', '""Cancelled""', '""Screen negative""']",,,,,,,,,,,,,c_butalbital_u_cat,bio_bm_biosample_urine_results,Biological Mother,Core
,,,Candidate,Integer,Confirmatory test in urine: butalbital (bar),Unchanged,BioSpecimens,Item,Discrete,Text,USDTL Urine Toxicology results,,bio_bm_biosample_urine_results_bio_c_butalbital_u,,,,,,,,,,,,,,,c_butalbital_u,bio_bm_biosample_urine_results,Biological Mother,Core
,,,Candidate,String,Unit for Confirmatory test in urine: butalbital,Unchanged,BioSpecimens,Item,Nominal,Text,USDTL Urine Toxicology results,,bio_bm_biosample_urine_results_bio_c_butalbital_unit_u,,,,,,,,,,,,,,,c_butalbital_unit_u,bio_bm_biosample_urine_results,Biological Mother,Core
,,,Candidate,String,"Any benzodiazepines in urine (based on confirmatory results for oxazepam, nordiazepam, temazepam, hydroxymidazolam, AHA, 2HEF, 7AC, 7AF, 7AN, AHT, lorzepam)",Unchanged,BioSpecimens,Item,Nominal,Text,USDTL Urine Toxicology results,,bio_bm_biosample_urine_results_bio_c_any_benzo_u,"['NULL', 1, 0, 3]","['""""', '""Positive""', '""Negative""', '""Invalid""']",,,,,,,,,,,,,c_any_benzo_u,bio_bm_biosample_urine_results,Biological Mother,Core
,,,Candidate,String,Screening test in urine: benzodiazepines (benz),Unchanged,BioSpecimens,Item,Nominal,Text,USDTL Urine Toxicology results,,bio_bm_biosample_urine_results_bio_s_benz_u,"['NULL', 1, 0, 3]","['""""', '""Positive""', '""Negative""', '""Invalid""']",,,,,,,,,,,,,s_benz_u,bio_bm_biosample_urine_results,Biological Mother,Core
,,,Candidate,String,Confirmatory test in urine: oxazepam (categorical) (benz),Unchanged,BioSpecimens,Item,Nominal,Text,USDTL Urine Toxicology results,,bio_bm_biosample_urine_results_bio_c_oxaz_u_cat,"['NULL', 1, 0, 3, 4]","['""""', '""Positive""', '""Negative""', '""Cancelled""', '""Screen negative""']",,,,,,,,,,,,,c_oxaz_u_cat,bio_bm_biosample_urine_results,Biological Mother,Core
,,,Candidate,Integer,Confirmatory test in urine: oxazepam (benz),Unchanged,BioSpecimens,Item,Discrete,Text,USDTL Urine Toxicology results,,bio_bm_biosample_urine_results_bio_c_oxaz_u,,,,,,,,,,,,,,,c_oxaz_u,bio_bm_biosample_urine_results,Biological Mother,Core
,,,Candidate,String,Unit for Confirmatory test in urine: oxazepam,Unchanged,BioSpecimens,Item,Nominal,Text,USDTL Urine Toxicology results,,bio_bm_biosample_urine_results_bio_c_oxaz_unit_u,,,,,,,,,,,,,,,c_oxaz_unit_u,bio_bm_biosample_urine_results,Biological Mother,Core
,,,Candidate,String,Confirmatory test in urine: nordiazepam (categorical) (benz),Unchanged,BioSpecimens,Item,Nominal,Text,USDTL Urine Toxicology results,,bio_bm_biosample_urine_results_bio_c_nord_u_cat,"['NULL', 1, 0, 3, 4]","['""""', '""Positive""', '""Negative""', '""Cancelled""', '""Screen negative""']",,,,,,,,,,,,,c_nord_u_cat,bio_bm_biosample_urine_results,Biological Mother,Core
,,,Candidate,Integer,Confirmatory test in urine: nordiazepam (benz),Unchanged,BioSpecimens,Item,Discrete,Text,USDTL Urine Toxicology results,,bio_bm_biosample_urine_results_bio_c_nord_u,,,,,,,,,,,,,,,c_nord_u,bio_bm_biosample_urine_results,Biological Mother,Core
,,,Candidate,String,Unit for Confirmatory test in urine: nordiazepam,Unchanged,BioSpecimens,Item,Nominal,Text,USDTL Urine Toxicology results,,bio_bm_biosample_urine_results_bio_c_nord_unit_u,,,,,,,,,,,,,,,c_nord_unit_u,bio_bm_biosample_urine_results,Biological Mother,Core
,,,Candidate,String,Confirmatory test in urine: temazepam (categorical) (benz),Unchanged,BioSpecimens,Item,Nominal,Text,USDTL Urine Toxicology results,,bio_bm_biosample_urine_results_bio_c_tema_u_cat,"['NULL', 1, 0, 3, 4]","['""""', '""Positive""', '""Negative""', '""Cancelled""', '""Screen negative""']",,,,,,,,,,,,,c_tema_u_cat,bio_bm_biosample_urine_results,Biological Mother,Core
,,,Candidate,Integer,Confirmatory test in urine: temazepam (benz),Unchanged,BioSpecimens,Item,Discrete,Text,USDTL Urine Toxicology results,,bio_bm_biosample_urine_results_bio_c_tema_u,,,,,,,,,,,,,,,c_tema_u,bio_bm_biosample_urine_results,Biological Mother,Core
,,,Candidate,String,Unit for Confirmatory test in urine: temazepam,Unchanged,BioSpecimens,Item,Nominal,Text,USDTL Urine Toxicology results,,bio_bm_biosample_urine_results_bio_c_tema_unit_u,,,,,,,,,,,,,,,c_tema_unit_u,bio_bm_biosample_urine_results,Biological Mother,Core
,,,Candidate,String,Confirmatory test in urine: hydroxymidazolam (categorical) (benz),Unchanged,BioSpecimens,Item,Nominal,Text,USDTL Urine Toxicology results,,bio_bm_biosample_urine_results_bio_c_homi_u_cat,"['NULL', 1, 0, 3, 4]","['""""', '""Positive""', '""Negative""', '""Cancelled""', '""Screen negative""']",,,,,,,,,,,,,c_homi_u_cat,bio_bm_biosample_urine_results,Biological Mother,Core
,,,Candidate,Integer,Confirmatory test in urine: hydroxymidazolam (benz),Unchanged,BioSpecimens,Item,Discrete,Text,USDTL Urine Toxicology results,,bio_bm_biosample_urine_results_bio_c_homi_u,,,,,,,,,,,,,,,c_homi_u,bio_bm_biosample_urine_results,Biological Mother,Core
,,,Candidate,String,Unit for Confirmatory test in urine: hydroxymidazolam,Unchanged,BioSpecimens,Item,Nominal,Text,USDTL Urine Toxicology results,,bio_bm_biosample_urine_results_bio_c_homi_unit_u,,,,,,,,,,,,,,,c_homi_unit_u,bio_bm_biosample_urine_results,Biological Mother,Core
,,,Candidate,String,Confirmatory test in urine: alphahydroxyalprazolam (categorical) (benz),Unchanged,BioSpecimens,Item,Nominal,Text,USDTL Urine Toxicology results,,bio_bm_biosample_urine_results_bio_c_aha_u_cat,"['NULL', 1, 0, 3, 4]","['""""', '""Positive""', '""Negative""', '""Cancelled""', '""Screen negative""']",,,,,,,,,,,,,c_aha_u_cat,bio_bm_biosample_urine_results,Biological Mother,Core
,,,Candidate,Integer,Confirmatory test in urine: alphahydroxyalprazolam (benz),Unchanged,BioSpecimens,Item,Discrete,Text,USDTL Urine Toxicology results,,bio_bm_biosample_urine_results_bio_c_aha_u,,,,,,,,,,,,,,,c_aha_u,bio_bm_biosample_urine_results,Biological Mother,Core
,,,Candidate,String,Unit for Confirmatory test in urine: alphahydroxyalprazolam,Unchanged,BioSpecimens,Item,Nominal,Text,USDTL Urine Toxicology results,,bio_bm_biosample_urine_results_bio_c_aha_unit_u,,,,,,,,,,,,,,,c_aha_unit_u,bio_bm_biosample_urine_results,Biological Mother,Core
,,,Candidate,String,Confirmatory test in urine: 2hydroxyethylflurazepam (categorical) (benz),Unchanged,BioSpecimens,Item,Nominal,Text,USDTL Urine Toxicology results,,bio_bm_biosample_urine_results_bio_c_2hef_u_cat,"['NULL', 1, 0, 3, 4]","['""""', '""Positive""', '""Negative""', '""Cancelled""', '""Screen negative""']",,,,,,,,,,,,,c_2hef_u_cat,bio_bm_biosample_urine_results,Biological Mother,Core
,,,Candidate,Integer,Confirmatory test in urine: 2hydroxyethylflurazepam (benz),Unchanged,BioSpecimens,Item,Discrete,Text,USDTL Urine Toxicology results,,bio_bm_biosample_urine_results_bio_c_2hef_u,,,,,,,,,,,,,,,c_2hef_u,bio_bm_biosample_urine_results,Biological Mother,Core
,,,Candidate,String,Unit for Confirmatory test in urine: 2hydroxyethylflurazepam,Unchanged,BioSpecimens,Item,Nominal,Text,USDTL Urine Toxicology results,,bio_bm_biosample_urine_results_bio_c_2hef_unit_u,,,,,,,,,,,,,,,c_2hef_unit_u,bio_bm_biosample_urine_results,Biological Mother,Core
,,,Candidate,String,Confirmatory test in urine: 7Aminoclonazepam (categorical) (benz),Unchanged,BioSpecimens,Item,Nominal,Text,USDTL Urine Toxicology results,,bio_bm_biosample_urine_results_bio_c_7ac_u_cat,"['NULL', 1, 0, 3, 4]","['""""', '""Positive""', '""Negative""', '""Cancelled""', '""Screen negative""']",,,,,,,,,,,,,c_7ac_u_cat,bio_bm_biosample_urine_results,Biological Mother,Core
,,,Candidate,Integer,Confirmatory test in urine: 7Aminoclonazepam (benz),Unchanged,BioSpecimens,Item,Discrete,Text,USDTL Urine Toxicology results,,bio_bm_biosample_urine_results_bio_c_7ac_u,,,,,,,,,,,,,,,c_7ac_u,bio_bm_biosample_urine_results,Biological Mother,Core
,,,Candidate,String,Unit for Confirmatory test in urine: 7Aminoclonazepam,Unchanged,BioSpecimens,Item,Nominal,Text,USDTL Urine Toxicology results,,bio_bm_biosample_urine_results_bio_c_7ac_unit_u,,,,,,,,,,,,,,,c_7ac_unit_u,bio_bm_biosample_urine_results,Biological Mother,Core
,,,Candidate,String,Confirmatory test in urine: 7Aminoflunitrazepam (categorical) (benz),Unchanged,BioSpecimens,Item,Nominal,Text,USDTL Urine Toxicology results,,bio_bm_biosample_urine_results_bio_c_7af_u_cat,"['NULL', 1, 0, 3, 4]","['""""', '""Positive""', '""Negative""', '""Cancelled""', '""Screen negative""']",,,,,,,,,,,,,c_7af_u_cat,bio_bm_biosample_urine_results,Biological Mother,Core
,,,Candidate,Integer,Confirmatory test in urine: 7Aminoflunitrazepam (benz),Unchanged,BioSpecimens,Item,Discrete,Text,USDTL Urine Toxicology results,,bio_bm_biosample_urine_results_bio_c_7af_u,,,,,,,,,,,,,,,c_7af_u,bio_bm_biosample_urine_results,Biological Mother,Core
,,,Candidate,String,Unit for Confirmatory test in urine: 7Aminoflunitrazepam,Unchanged,BioSpecimens,Item,Nominal,Text,USDTL Urine Toxicology results,,bio_bm_biosample_urine_results_bio_c_7af_unit_u,,,,,,,,,,,,,,,c_7af_unit_u,bio_bm_biosample_urine_results,Biological Mother,Core
,,,Candidate,String,Confirmatory test in urine: 7Aminonitrazepam (categorical) (benz),Unchanged,BioSpecimens,Item,Nominal,Text,USDTL Urine Toxicology results,,bio_bm_biosample_urine_results_bio_c_7an_u_cat,"['NULL', 1, 0, 3, 4]","['""""', '""Positive""', '""Negative""', '""Cancelled""', '""Screen negative""']",,,,,,,,,,,,,c_7an_u_cat,bio_bm_biosample_urine_results,Biological Mother,Core
,,,Candidate,Integer,Confirmatory test in urine: 7Aminonitrazepam (benz),Unchanged,BioSpecimens,Item,Discrete,Text,USDTL Urine Toxicology results,,bio_bm_biosample_urine_results_bio_c_7an_u,,,,,,,,,,,,,,,c_7an_u,bio_bm_biosample_urine_results,Biological Mother,Core
,,,Candidate,String,Unit for Confirmatory test in urine: 7Aminonitrazepam,Unchanged,BioSpecimens,Item,Nominal,Text,USDTL Urine Toxicology results,,bio_bm_biosample_urine_results_bio_c_7an_unit_u,,,,,,,,,,,,,,,c_7an_unit_u,bio_bm_biosample_urine_results,Biological Mother,Core
,,,Candidate,String,Confirmatory test in urine: alphahydroxytriazolam (categorical) (benz),Unchanged,BioSpecimens,Item,Nominal,Text,USDTL Urine Toxicology results,,bio_bm_biosample_urine_results_bio_c_aht_u_cat,"['NULL', 1, 0, 3, 4]","['""""', '""Positive""', '""Negative""', '""Cancelled""', '""Screen negative""']",,,,,,,,,,,,,c_aht_u_cat,bio_bm_biosample_urine_results,Biological Mother,Core
,,,Candidate,Integer,Confirmatory test in urine: alphahydroxytriazolam (benz),Unchanged,BioSpecimens,Item,Discrete,Text,USDTL Urine Toxicology results,,bio_bm_biosample_urine_results_bio_c_aht_u,,,,,,,,,,,,,,,c_aht_u,bio_bm_biosample_urine_results,Biological Mother,Core
,,,Candidate,String,Unit for Confirmatory test in urine: alphahydroxytriazolam,Unchanged,BioSpecimens,Item,Nominal,Text,USDTL Urine Toxicology results,,bio_bm_biosample_urine_results_bio_c_aht_unit_u,,,,,,,,,,,,,,,c_aht_unit_u,bio_bm_biosample_urine_results,Biological Mother,Core
,,,Candidate,String,Confirmatory test in urine: lorazepam (categorical) (benz),Unchanged,BioSpecimens,Item,Nominal,Text,USDTL Urine Toxicology results,,bio_bm_biosample_urine_results_bio_c_lor_u_cat,"['NULL', 1, 0, 3, 4]","['""""', '""Positive""', '""Negative""', '""Cancelled""', '""Screen negative""']",,,,,,,,,,,,,c_lor_u_cat,bio_bm_biosample_urine_results,Biological Mother,Core
,,,Candidate,Integer,Confirmatory test in urine: lorazepam (benz),Unchanged,BioSpecimens,Item,Discrete,Text,USDTL Urine Toxicology results,,bio_bm_biosample_urine_results_bio_c_lor_u,,,,,,,,,,,,,,,c_lor_u,bio_bm_biosample_urine_results,Biological Mother,Core
,,,Candidate,String,Unit for Confirmatory test in urine: lorazepam,Unchanged,BioSpecimens,Item,Nominal,Text,USDTL Urine Toxicology results,,bio_bm_biosample_urine_results_bio_c_lor_unit_u,,,,,,,,,,,,,,,c_lor_unit_u,bio_bm_biosample_urine_results,Biological Mother,Core
,,,Candidate,String,"Any opioids in urine (based on confirmatory results for codeine, morphine, MAM, hydrocodone, hydromorphone, methadone, EDDP, propoxyphene, norpropoxyphene, oxycodone, oxymorphone, normeperidine, tramadol, fentanyl, norfentanyl, alfentanil, norsufentanil, sufentanil, buprenorphine, norbuprenorphine)",Unchanged,BioSpecimens,Item,Nominal,Text,USDTL Urine Toxicology results,,bio_bm_biosample_urine_results_bio_c_any_opioid_u,"['NULL', 1, 0, 3]","['""""', '""Positive""', '""Negative""', '""Invalid""']",,,,,,,,,,,,,c_any_opioid_u,bio_bm_biosample_urine_results,Biological Mother,Core
,,,Candidate,String,Screening test in urine: opiates (opi),Unchanged,BioSpecimens,Item,Nominal,Text,USDTL Urine Toxicology results,,bio_bm_biosample_urine_results_bio_s_opi_u,"['NULL', 1, 0, 3]","['""""', '""Positive""', '""Negative""', '""Invalid""']",,,,,,,,,,,,,s_opi_u,bio_bm_biosample_urine_results,Biological Mother,Core
,,,Candidate,String,Confirmatory test in urine: codeine (categorical) (opi),Unchanged,BioSpecimens,Item,Nominal,Text,USDTL Urine Toxicology results,,bio_bm_biosample_urine_results_bio_c_cod_u_cat,"['NULL', 1, 0, 3, 4]","['""""', '""Positive""', '""Negative""', '""Cancelled""', '""Screen negative""']",,,,,,,,,,,,,c_cod_u_cat,bio_bm_biosample_urine_results,Biological Mother,Core
,,,Candidate,Integer,Confirmatory test in urine: codeine (opi),Unchanged,BioSpecimens,Item,Discrete,Text,USDTL Urine Toxicology results,,bio_bm_biosample_urine_results_bio_c_cod_u,,,,,,,,,,,,,,,c_cod_u,bio_bm_biosample_urine_results,Biological Mother,Core
,,,Candidate,String,Unit for Confirmatory test in urine: codeine,Unchanged,BioSpecimens,Item,Nominal,Text,USDTL Urine Toxicology results,,bio_bm_biosample_urine_results_bio_c_cod_unit_u,,,,,,,,,,,,,,,c_cod_unit_u,bio_bm_biosample_urine_results,Biological Mother,Core
,,,Candidate,String,Confirmatory test in urine: morphine (categorical) (opi),Unchanged,BioSpecimens,Item,Nominal,Text,USDTL Urine Toxicology results,,bio_bm_biosample_urine_results_bio_c_mor_u_cat,"['NULL', 1, 0, 3, 4]","['""""', '""Positive""', '""Negative""', '""Cancelled""', '""Screen negative""']",,,,,,,,,,,,,c_mor_u_cat,bio_bm_biosample_urine_results,Biological Mother,Core
,,,Candidate,Integer,Confirmatory test in urine: morphine (opi),Unchanged,BioSpecimens,Item,Discrete,Text,USDTL Urine Toxicology results,,bio_bm_biosample_urine_results_bio_c_mor_u,,,,,,,,,,,,,,,c_mor_u,bio_bm_biosample_urine_results,Biological Mother,Core
,,,Candidate,String,Unit for Confirmatory test in urine: morphine,Unchanged,BioSpecimens,Item,Nominal,Text,USDTL Urine Toxicology results,,bio_bm_biosample_urine_results_bio_c_mor_unit_u,,,,,,,,,,,,,,,c_mor_unit_u,bio_bm_biosample_urine_results,Biological Mother,Core
,,,Candidate,String,Confirmatory test in urine: MAM (categorical) (opi),Unchanged,BioSpecimens,Item,Nominal,Text,USDTL Urine Toxicology results,,bio_bm_biosample_urine_results_bio_c_mam_u_cat,"['NULL', 1, 0, 3, 4]","['""""', '""Positive""', '""Negative""', '""Cancelled""', '""Screen negative""']",,,,,,,,,,,,,c_mam_u_cat,bio_bm_biosample_urine_results,Biological Mother,Core
,,,Candidate,Integer,Confirmatory test in urine: MAM (opi),Unchanged,BioSpecimens,Item,Discrete,Text,USDTL Urine Toxicology results,,bio_bm_biosample_urine_results_bio_c_mam_u,,,,,,,,,,,,,,,c_mam_u,bio_bm_biosample_urine_results,Biological Mother,Core
,,,Candidate,String,Unit for Confirmatory test in urine: MAM,Unchanged,BioSpecimens,Item,Nominal,Text,USDTL Urine Toxicology results,,bio_bm_biosample_urine_results_bio_c_mam_unit_u,,,,,,,,,,,,,,,c_mam_unit_u,bio_bm_biosample_urine_results,Biological Mother,Core
,,,Candidate,String,Confirmatory test in urine: hydrocodone (categorical) (opi),Unchanged,BioSpecimens,Item,Nominal,Text,USDTL Urine Toxicology results,,bio_bm_biosample_urine_results_bio_c_hydroc_u_cat,"['NULL', 1, 0, 3, 4]","['""""', '""Positive""', '""Negative""', '""Cancelled""', '""Screen negative""']",,,,,,,,,,,,,c_hydroc_u_cat,bio_bm_biosample_urine_results,Biological Mother,Core
,,,Candidate,Integer,Confirmatory test in urine: hydrocodone (opi),Unchanged,BioSpecimens,Item,Discrete,Text,USDTL Urine Toxicology results,,bio_bm_biosample_urine_results_bio_c_hydroc_u,,,,,,,,,,,,,,,c_hydroc_u,bio_bm_biosample_urine_results,Biological Mother,Core
,,,Candidate,String,Unit for Confirmatory test in urine: hydrocodone,Unchanged,BioSpecimens,Item,Nominal,Text,USDTL Urine Toxicology results,,bio_bm_biosample_urine_results_bio_c_hydroc_unit_u,,,,,,,,,,,,,,,c_hydroc_unit_u,bio_bm_biosample_urine_results,Biological Mother,Core
,,,Candidate,String,Confirmatory test in urine: hydromorphone (categorical) (opi),Unchanged,BioSpecimens,Item,Nominal,Text,USDTL Urine Toxicology results,,bio_bm_biosample_urine_results_bio_c_hydrom_u_cat,"['NULL', 1, 0, 3, 4]","['""""', '""Positive""', '""Negative""', '""Cancelled""', '""Screen negative""']",,,,,,,,,,,,,c_hydrom_u_cat,bio_bm_biosample_urine_results,Biological Mother,Core
,,,Candidate,Integer,Confirmatory test in urine: hydromorphone (opi),Unchanged,BioSpecimens,Item,Discrete,Text,USDTL Urine Toxicology results,,bio_bm_biosample_urine_results_bio_c_hydrom_u,,,,,,,,,,,,,,,c_hydrom_u,bio_bm_biosample_urine_results,Biological Mother,Core
,,,Candidate,String,Unit for Confirmatory test in urine: hydromorphone,Unchanged,BioSpecimens,Item,Nominal,Text,USDTL Urine Toxicology results,,bio_bm_biosample_urine_results_bio_c_hydrom_unit_u,,,,,,,,,,,,,,,c_hydrom_unit_u,bio_bm_biosample_urine_results,Biological Mother,Core
,,,Candidate,String,Screening test in urine: methadone (mtd),Unchanged,BioSpecimens,Item,Nominal,Text,USDTL Urine Toxicology results,,bio_bm_biosample_urine_results_bio_s_mtd_u,"['NULL', 1, 0, 3]","['""""', '""Positive""', '""Negative""', '""Invalid""']",,,,,,,,,,,,,s_mtd_u,bio_bm_biosample_urine_results,Biological Mother,Core
,,,Candidate,String,Confirmatory test in urine: methadone (categorical) (mtd),Unchanged,BioSpecimens,Item,Nominal,Text,USDTL Urine Toxicology results,,bio_bm_biosample_urine_results_bio_c_mtd_u_cat,"['NULL', 1, 0, 3, 4]","['""""', '""Positive""', '""Negative""', '""Cancelled""', '""Screen negative""']",,,,,,,,,,,,,c_mtd_u_cat,bio_bm_biosample_urine_results,Biological Mother,Core
,,,Candidate,Integer,Confirmatory test in urine: methadone (mtd),Unchanged,BioSpecimens,Item,Discrete,Text,USDTL Urine Toxicology results,,bio_bm_biosample_urine_results_bio_c_mtd_u,,,,,,,,,,,,,,,c_mtd_u,bio_bm_biosample_urine_results,Biological Mother,Core
,,,Candidate,String,Unit for Confirmatory test in urine: methadone,Unchanged,BioSpecimens,Item,Nominal,Text,USDTL Urine Toxicology results,,bio_bm_biosample_urine_results_bio_c_mtd_unit_u,,,,,,,,,,,,,,,c_mtd_unit_u,bio_bm_biosample_urine_results,Biological Mother,Core
,,,Candidate,String,Confirmatory test in urine: EDDP (categorical) (mtd),Unchanged,BioSpecimens,Item,Nominal,Text,USDTL Urine Toxicology results,,bio_bm_biosample_urine_results_bio_c_eddp_u_cat,"['NULL', 1, 0, 3, 4]","['""""', '""Positive""', '""Negative""', '""Cancelled""', '""Screen negative""']",,,,,,,,,,,,,c_eddp_u_cat,bio_bm_biosample_urine_results,Biological Mother,Core
,,,Candidate,Integer,Confirmatory test in urine: EDDP (mtd),Unchanged,BioSpecimens,Item,Discrete,Text,USDTL Urine Toxicology results,,bio_bm_biosample_urine_results_bio_c_eddp_u,,,,,,,,,,,,,,,c_eddp_u,bio_bm_biosample_urine_results,Biological Mother,Core
,,,Candidate,String,Unit for Confirmatory test in urine: EDDP,Unchanged,BioSpecimens,Item,Nominal,Text,USDTL Urine Toxicology results,,bio_bm_biosample_urine_results_bio_c_eddp_unit_u,,,,,,,,,,,,,,,c_eddp_unit_u,bio_bm_biosample_urine_results,Biological Mother,Core
,,,Candidate,String,Screening test in urine: propoxyphene (ppx),Unchanged,BioSpecimens,Item,Nominal,Text,USDTL Urine Toxicology results,,bio_bm_biosample_urine_results_bio_s_ppx_u,"['NULL', 1, 0, 3]","['""""', '""Positive""', '""Negative""', '""Invalid""']",,,,,,,,,,,,,s_ppx_u,bio_bm_biosample_urine_results,Biological Mother,Core
,,,Candidate,String,Confirmatory test in urine: norpropoxyphene (categorical) (ppx),Unchanged,BioSpecimens,Item,Nominal,Text,USDTL Urine Toxicology results,,bio_bm_biosample_urine_results_bio_c_nppx_u_cat,"['NULL', 1, 0, 3, 4]","['""""', '""Positive""', '""Negative""', '""Cancelled""', '""Screen negative""']",,,,,,,,,,,,,c_nppx_u_cat,bio_bm_biosample_urine_results,Biological Mother,Core
,,,Candidate,Integer,Confirmatory test in urine: norpropoxyphene (ppx),Unchanged,BioSpecimens,Item,Discrete,Text,USDTL Urine Toxicology results,,bio_bm_biosample_urine_results_bio_c_nppx_u,,,,,,,,,,,,,,,c_nppx_u,bio_bm_biosample_urine_results,Biological Mother,Core
,,,Candidate,String,Unit for Confirmatory test in urine: norpropoxyphene,Unchanged,BioSpecimens,Item,Nominal,Text,USDTL Urine Toxicology results,,bio_bm_biosample_urine_results_bio_c_nppx_unit_u,,,,,,,,,,,,,,,c_nppx_unit_u,bio_bm_biosample_urine_results,Biological Mother,Core
,,,Candidate,String,Screening test in urine: oxycodone (oxyc),Unchanged,BioSpecimens,Item,Nominal,Text,USDTL Urine Toxicology results,,bio_bm_biosample_urine_results_bio_s_oxyc_u,"['NULL', 1, 0, 3]","['""""', '""Positive""', '""Negative""', '""Invalid""']",,,,,,,,,,,,,s_oxyc_u,bio_bm_biosample_urine_results,Biological Mother,Core
,,,Candidate,String,Confirmatory test in urine: oxycodone (categorical) (oxyc),Unchanged,BioSpecimens,Item,Nominal,Text,USDTL Urine Toxicology results,,bio_bm_biosample_urine_results_bio_c_oxyc_u_cat,"['NULL', 1, 0, 3, 4]","['""""', '""Positive""', '""Negative""', '""Cancelled""', '""Screen negative""']",,,,,,,,,,,,,c_oxyc_u_cat,bio_bm_biosample_urine_results,Biological Mother,Core
,,,Candidate,Integer,Confirmatory test in urine: oxycodone (oxyc),Unchanged,BioSpecimens,Item,Discrete,Text,USDTL Urine Toxicology results,,bio_bm_biosample_urine_results_bio_c_oxyc_u,,,,,,,,,,,,,,,c_oxyc_u,bio_bm_biosample_urine_results,Biological Mother,Core
,,,Candidate,String,Unit for Confirmatory test in urine: oxycodone,Unchanged,BioSpecimens,Item,Nominal,Text,USDTL Urine Toxicology results,,bio_bm_biosample_urine_results_bio_c_oxyc_unit_u,,,,,,,,,,,,,,,c_oxyc_unit_u,bio_bm_biosample_urine_results,Biological Mother,Core
,,,Candidate,String,Confirmatory test in urine: oxymorphone (categorical) (oxyc),Unchanged,BioSpecimens,Item,Nominal,Text,USDTL Urine Toxicology results,,bio_bm_biosample_urine_results_bio_c_oxym_u_cat,"['NULL', 1, 0, 3, 4]","['""""', '""Positive""', '""Negative""', '""Cancelled""', '""Screen negative""']",,,,,,,,,,,,,c_oxym_u_cat,bio_bm_biosample_urine_results,Biological Mother,Core
,,,Candidate,Integer,Confirmatory test in urine: oxymorphone (oxyc),Unchanged,BioSpecimens,Item,Discrete,Text,USDTL Urine Toxicology results,,bio_bm_biosample_urine_results_bio_c_oxym_u,,,,,,,,,,,,,,,c_oxym_u,bio_bm_biosample_urine_results,Biological Mother,Core
,,,Candidate,String,Unit for Confirmatory test in urine: oxymorphone,Unchanged,BioSpecimens,Item,Nominal,Text,USDTL Urine Toxicology results,,bio_bm_biosample_urine_results_bio_c_oxym_unit_u,,,,,,,,,,,,,,,c_oxym_unit_u,bio_bm_biosample_urine_results,Biological Mother,Core
,,,Candidate,String,Screening test in urine: meperidine (mep),Unchanged,BioSpecimens,Item,Nominal,Text,USDTL Urine Toxicology results,,bio_bm_biosample_urine_results_bio_s_mep_u,"['NULL', 1, 0, 3]","['""""', '""Positive""', '""Negative""', '""Invalid""']",,,,,,,,,,,,,s_mep_u,bio_bm_biosample_urine_results,Biological Mother,Core
,,,Candidate,String,Confirmatory test in urine: normeperidine (categorical) (mep),Unchanged,BioSpecimens,Item,Nominal,Text,USDTL Urine Toxicology results,,bio_bm_biosample_urine_results_bio_c_nmep_u_cat,"['NULL', 1, 0, 3, 4]","['""""', '""Positive""', '""Negative""', '""Cancelled""', '""Screen negative""']",,,,,,,,,,,,,c_nmep_u_cat,bio_bm_biosample_urine_results,Biological Mother,Core
,,,Candidate,Integer,Confirmatory test in urine: normeperidine (mep),Unchanged,BioSpecimens,Item,Discrete,Text,USDTL Urine Toxicology results,,bio_bm_biosample_urine_results_bio_c_nmep_u,,,,,,,,,,,,,,,c_nmep_u,bio_bm_biosample_urine_results,Biological Mother,Core
,,,Candidate,String,Unit for Confirmatory test in urine: normeperidine,Unchanged,BioSpecimens,Item,Nominal,Text,USDTL Urine Toxicology results,,bio_bm_biosample_urine_results_bio_c_nmep_unit_u,,,,,,,,,,,,,,,c_nmep_unit_u,bio_bm_biosample_urine_results,Biological Mother,Core
,,,Candidate,String,Screening test in urine: tramadol (tram),Unchanged,BioSpecimens,Item,Nominal,Text,USDTL Urine Toxicology results,,bio_bm_biosample_urine_results_bio_s_tram_u,"['NULL', 1, 0, 3]","['""""', '""Positive""', '""Negative""', '""Invalid""']",,,,,,,,,,,,,s_tram_u,bio_bm_biosample_urine_results,Biological Mother,Core
,,,Candidate,String,Confirmatory test in urine: tramadol (categorical) (tram),Unchanged,BioSpecimens,Item,Nominal,Text,USDTL Urine Toxicology results,,bio_bm_biosample_urine_results_bio_c_tram_u_cat,"['NULL', 1, 0, 3, 4]","['""""', '""Positive""', '""Negative""', '""Cancelled""', '""Screen negative""']",,,,,,,,,,,,,c_tram_u_cat,bio_bm_biosample_urine_results,Biological Mother,Core
,,,Candidate,Integer,Confirmatory test in urine: tramadol (tram),Unchanged,BioSpecimens,Item,Discrete,Text,USDTL Urine Toxicology results,,bio_bm_biosample_urine_results_bio_c_tram_u,,,,,,,,,,,,,,,c_tram_u,bio_bm_biosample_urine_results,Biological Mother,Core
,,,Candidate,String,Unit for Confirmatory test in urine: tramadol,Unchanged,BioSpecimens,Item,Nominal,Text,USDTL Urine Toxicology results,,bio_bm_biosample_urine_results_bio_c_tram_unit_u,,,,,,,,,,,,,,,c_tram_unit_u,bio_bm_biosample_urine_results,Biological Mother,Core
,,,Candidate,String,Screening test in urine: fentanyl (fent),Unchanged,BioSpecimens,Item,Nominal,Text,USDTL Urine Toxicology results,,bio_bm_biosample_urine_results_bio_s_fent_u,"['NULL', 1, 0, 3]","['""""', '""Positive""', '""Negative""', '""Invalid""']",,,,,,,,,,,,,s_fent_u,bio_bm_biosample_urine_results,Biological Mother,Core
,,,Candidate,String,Confirmatory test in urine: fentanyl (categorical) (fent),Unchanged,BioSpecimens,Item,Nominal,Text,USDTL Urine Toxicology results,,bio_bm_biosample_urine_results_bio_c_fent_u_cat,"['NULL', 1, 0, 3, 4]","['""""', '""Positive""', '""Negative""', '""Cancelled""', '""Screen negative""']",,,,,,,,,,,,,c_fent_u_cat,bio_bm_biosample_urine_results,Biological Mother,Core
,,,Candidate,Integer,Confirmatory test in urine: fentanyl (fent),Unchanged,BioSpecimens,Item,Discrete,Text,USDTL Urine Toxicology results,,bio_bm_biosample_urine_results_bio_c_fent_u,,,,,,,,,,,,,,,c_fent_u,bio_bm_biosample_urine_results,Biological Mother,Core
,,,Candidate,String,Unit for Confirmatory test in urine: fentanyl,Unchanged,BioSpecimens,Item,Nominal,Text,USDTL Urine Toxicology results,,bio_bm_biosample_urine_results_bio_c_fent_unit_u,,,,,,,,,,,,,,,c_fent_unit_u,bio_bm_biosample_urine_results,Biological Mother,Core
,,,Candidate,String,Confirmatory test in urine: norfentanyl (categorical) (fent),Unchanged,BioSpecimens,Item,Nominal,Text,USDTL Urine Toxicology results,,bio_bm_biosample_urine_results_bio_c_nfent_u_cat,"['NULL', 1, 0, 3, 4]","['""""', '""Positive""', '""Negative""', '""Cancelled""', '""Screen negative""']",,,,,,,,,,,,,c_nfent_u_cat,bio_bm_biosample_urine_results,Biological Mother,Core
,,,Candidate,Integer,Confirmatory test in urine: norfentanyl (fent),Unchanged,BioSpecimens,Item,Discrete,Text,USDTL Urine Toxicology results,,bio_bm_biosample_urine_results_bio_c_nfent_u,,,,,,,,,,,,,,,c_nfent_u,bio_bm_biosample_urine_results,Biological Mother,Core
,,,Candidate,String,Unit for Confirmatory test in urine: norfentanyl,Unchanged,BioSpecimens,Item,Nominal,Text,USDTL Urine Toxicology results,,bio_bm_biosample_urine_results_bio_c_nfent_unit_u,,,,,,,,,,,,,,,c_nfent_unit_u,bio_bm_biosample_urine_results,Biological Mother,Core
,,,Candidate,String,Confirmatory test in urine: alfentanil (categorical) (fent),Unchanged,BioSpecimens,Item,Nominal,Text,USDTL Urine Toxicology results,,bio_bm_biosample_urine_results_bio_c_afent_u_cat,"['NULL', 1, 0, 3, 4]","['""""', '""Positive""', '""Negative""', '""Cancelled""', '""Screen negative""']",,,,,,,,,,,,,c_afent_u_cat,bio_bm_biosample_urine_results,Biological Mother,Core
,,,Candidate,Integer,Confirmatory test in urine: alfentanil (fent),Unchanged,BioSpecimens,Item,Discrete,Text,USDTL Urine Toxicology results,,bio_bm_biosample_urine_results_bio_c_afent_u,,,,,,,,,,,,,,,c_afent_u,bio_bm_biosample_urine_results,Biological Mother,Core
,,,Candidate,String,Unit for Confirmatory test in urine: alfentanil,Unchanged,BioSpecimens,Item,Nominal,Text,USDTL Urine Toxicology results,,bio_bm_biosample_urine_results_bio_c_afent_unit_u,,,,,,,,,,,,,,,c_afent_unit_u,bio_bm_biosample_urine_results,Biological Mother,Core
,,,Candidate,String,Screening test in urine: sufentanil (suf),Unchanged,BioSpecimens,Item,Nominal,Text,USDTL Urine Toxicology results,,bio_bm_biosample_urine_results_bio_s_suf_u,"['NULL', 1, 0, 3]","['""""', '""Positive""', '""Negative""', '""Invalid""']",,,,,,,,,,,,,s_suf_u,bio_bm_biosample_urine_results,Biological Mother,Core
,,,Candidate,String,Confirmatory test in urine: norsufentanil (categorical) (suf),Unchanged,BioSpecimens,Item,Nominal,Text,USDTL Urine Toxicology results,,bio_bm_biosample_urine_results_bio_c_nsuf_u_cat,"['NULL', 1, 0, 3, 4]","['""""', '""Positive""', '""Negative""', '""Cancelled""', '""Screen negative""']",,,,,,,,,,,,,c_nsuf_u_cat,bio_bm_biosample_urine_results,Biological Mother,Core
,,,Candidate,Integer,Confirmatory test in urine: norsufentanil (suf),Unchanged,BioSpecimens,Item,Discrete,Text,USDTL Urine Toxicology results,,bio_bm_biosample_urine_results_bio_c_nsuf_u,,,,,,,,,,,,,,,c_nsuf_u,bio_bm_biosample_urine_results,Biological Mother,Core
,,,Candidate,String,Unit for Confirmatory test in urine: norsufentanil,Unchanged,BioSpecimens,Item,Nominal,Text,USDTL Urine Toxicology results,,bio_bm_biosample_urine_results_bio_c_nsuf_unit_u,,,,,,,,,,,,,,,c_nsuf_unit_u,bio_bm_biosample_urine_results,Biological Mother,Core
,,,Candidate,String,Confirmatory test in urine: sufentanil (categorical) (suf),Unchanged,BioSpecimens,Item,Nominal,Text,USDTL Urine Toxicology results,,bio_bm_biosample_urine_results_bio_c_suf_u_cat,"['NULL', 1, 0, 3, 4]","['""""', '""Positive""', '""Negative""', '""Cancelled""', '""Screen negative""']",,,,,,,,,,,,,c_suf_u_cat,bio_bm_biosample_urine_results,Biological Mother,Core
,,,Candidate,Integer,Confirmatory test in urine: sufentanil (suf),Unchanged,BioSpecimens,Item,Discrete,Text,USDTL Urine Toxicology results,,bio_bm_biosample_urine_results_bio_c_suf_u,,,,,,,,,,,,,,,c_suf_u,bio_bm_biosample_urine_results,Biological Mother,Core
,,,Candidate,String,Unit for Confirmatory test in urine: sufentanil,Unchanged,BioSpecimens,Item,Nominal,Text,USDTL Urine Toxicology results,,bio_bm_biosample_urine_results_bio_c_suf_unit_u,,,,,,,,,,,,,,,c_suf_unit_u,bio_bm_biosample_urine_results,Biological Mother,Core
,,,Candidate,String,Screening test in urine: buprenorphine (bup),Unchanged,BioSpecimens,Item,Nominal,Text,USDTL Urine Toxicology results,,bio_bm_biosample_urine_results_bio_s_bup_u,"['NULL', 1, 0, 3]","['""""', '""Positive""', '""Negative""', '""Invalid""']",,,,,,,,,,,,,s_bup_u,bio_bm_biosample_urine_results,Biological Mother,Core
,,,Candidate,String,Confirmatory test in urine: buprenorphine (categorical) (bup),Unchanged,BioSpecimens,Item,Nominal,Text,USDTL Urine Toxicology results,,bio_bm_biosample_urine_results_bio_c_bup_u_cat,"['NULL', 1, 0, 3, 4]","['""""', '""Positive""', '""Negative""', '""Cancelled""', '""Screen negative""']",,,,,,,,,,,,,c_bup_u_cat,bio_bm_biosample_urine_results,Biological Mother,Core
,,,Candidate,Integer,Confirmatory test in urine: buprenorphine (bup),Unchanged,BioSpecimens,Item,Discrete,Text,USDTL Urine Toxicology results,,bio_bm_biosample_urine_results_bio_c_bup_u,,,,,,,,,,,,,,,c_bup_u,bio_bm_biosample_urine_results,Biological Mother,Core
,,,Candidate,String,Unit for Confirmatory test in urine: buprenorphine,Unchanged,BioSpecimens,Item,Nominal,Text,USDTL Urine Toxicology results,,bio_bm_biosample_urine_results_bio_c_bup_unit_u,,,,,,,,,,,,,,,c_bup_unit_u,bio_bm_biosample_urine_results,Biological Mother,Core
,,,Candidate,String,Confirmatory test in urine: norbuprenorphine (categorical) (bup),Unchanged,BioSpecimens,Item,Nominal,Text,USDTL Urine Toxicology results,,bio_bm_biosample_urine_results_bio_c_nbup_u_cat,"['NULL', 1, 0, 3, 4]","['""""', '""Positive""', '""Negative""', '""Cancelled""', '""Screen negative""']",,,,,,,,,,,,,c_nbup_u_cat,bio_bm_biosample_urine_results,Biological Mother,Core
,,,Candidate,Integer,Confirmatory test in urine: norbuprenorphine (bup),Unchanged,BioSpecimens,Item,Discrete,Text,USDTL Urine Toxicology results,,bio_bm_biosample_urine_results_bio_c_nbup_u,,,,,,,,,,,,,,,c_nbup_u,bio_bm_biosample_urine_results,Biological Mother,Core
,,,Candidate,String,Unit for Confirmatory test in urine: norbuprenorphine,Unchanged,BioSpecimens,Item,Nominal,Text,USDTL Urine Toxicology results,,bio_bm_biosample_urine_results_bio_c_nbup_unit_u,,,,,,,,,,,,,,,c_nbup_unit_u,bio_bm_biosample_urine_results,Biological Mother,Core
,,,Candidate,String,Any muscle relaxants in urine (based on confirmatory results for carisoprodol and meprobamate),Unchanged,BioSpecimens,Item,Nominal,Text,USDTL Urine Toxicology results,,bio_bm_biosample_urine_results_bio_c_any_mscrlx_u,"['NULL', 1, 0, 3]","['""""', '""Positive""', '""Negative""', '""Invalid""']",,,,,,,,,,,,,c_any_mscrlx_u,bio_bm_biosample_urine_results,Biological Mother,Core
,,,Candidate,String,Screening test in urine: carisoprodol (crs),Unchanged,BioSpecimens,Item,Nominal,Text,USDTL Urine Toxicology results,,bio_bm_biosample_urine_results_bio_s_crs_u,"['NULL', 1, 0, 3]","['""""', '""Positive""', '""Negative""', '""Invalid""']",,,,,,,,,,,,,s_crs_u,bio_bm_biosample_urine_results,Biological Mother,Core
,,,Candidate,String,Confirmatory test in urine: carisoprodol (categorical) (crs),Unchanged,BioSpecimens,Item,Nominal,Text,USDTL Urine Toxicology results,,bio_bm_biosample_urine_results_bio_c_crs_u_cat,"['NULL', 1, 0, 3]","['""""', '""Positive""', '""Negative""', '""Invalid""']",,,,,,,,,,,,,c_crs_u_cat,bio_bm_biosample_urine_results,Biological Mother,Core
,,,Candidate,Integer,Confirmatory test in urine: carisoprodol (crs),Unchanged,BioSpecimens,Item,Discrete,Text,USDTL Urine Toxicology results,,bio_bm_biosample_urine_results_bio_c_crs_u,,,,,,,,,,,,,,,c_crs_u,bio_bm_biosample_urine_results,Biological Mother,Core
,,,Candidate,String,Unit for Confirmatory test in urine: carisoprodol,Unchanged,BioSpecimens,Item,Nominal,Text,USDTL Urine Toxicology results,,bio_bm_biosample_urine_results_bio_c_crs_unit_u,,,,,,,,,,,,,,,c_crs_unit_u,bio_bm_biosample_urine_results,Biological Mother,Core
,,,Candidate,String,Confirmatory test in urine: meprobamate (categorical) (crs),Unchanged,BioSpecimens,Item,Nominal,Text,USDTL Urine Toxicology results,,bio_bm_biosample_urine_results_bio_c_mepb_u_cat,"['NULL', 1, 0, 3, 4]","['""""', '""Positive""', '""Negative""', '""Cancelled""', '""Screen negative""']",,,,,,,,,,,,,c_mepb_u_cat,bio_bm_biosample_urine_results,Biological Mother,Core
,,,Candidate,Integer,Confirmatory test in urine: meprobamate (crs),Unchanged,BioSpecimens,Item,Discrete,Text,USDTL Urine Toxicology results,,bio_bm_biosample_urine_results_bio_c_mepb_u,,,,,,,,,,,,,,,c_mepb_u,bio_bm_biosample_urine_results,Biological Mother,Core
,,,Candidate,String,Unit for Confirmatory test in urine: meprobamate,Unchanged,BioSpecimens,Item,Nominal,Text,USDTL Urine Toxicology results,,bio_bm_biosample_urine_results_bio_c_mepb_unit_u,,,,,,,,,,,,,,,c_mepb_unit_u,bio_bm_biosample_urine_results,Biological Mother,Core
,,,Candidate,String,Any alcohol in urine (based on confirmatory results for ethylgluc and ethylsul),Unchanged,BioSpecimens,Item,Nominal,Text,USDTL Urine Toxicology results,,bio_bm_biosample_urine_results_bio_c_ethanol_u,"['NULL', 1, 0, 3]","['""""', '""Positive""', '""Negative""', '""Invalid""']",,,,,,,,,,,,,c_ethanol_u,bio_bm_biosample_urine_results,Biological Mother,Core
,,,Candidate,String,Screening test in urine: alcohol (etgeia),Unchanged,BioSpecimens,Item,Nominal,Text,USDTL Urine Toxicology results,,bio_bm_biosample_urine_results_bio_s_etgeia_u,"['NULL', 1, 0, 3]","['""""', '""Positive""', '""Negative""', '""Invalid""']",,,,,,,,,,,,,s_etgeia_u,bio_bm_biosample_urine_results,Biological Mother,Core
,,,Candidate,String,Confirmatory test in urine: ethylgluc-0100 (categorical) (etgeia),Unchanged,BioSpecimens,Item,Nominal,Text,USDTL Urine Toxicology results,,bio_bm_biosample_urine_results_bio_c_ethglu_u_cat,"['NULL', 1, 0, 3, 4]","['""""', '""Positive""', '""Negative""', '""Cancelled""', '""Screen negative""']",,,,,,,,,,,,,c_ethglu_u_cat,bio_bm_biosample_urine_results,Biological Mother,Core
,,,Candidate,Integer,Confirmatory test in urine: ethylgluc-0100 (etgeia),Unchanged,BioSpecimens,Item,Discrete,Text,USDTL Urine Toxicology results,,bio_bm_biosample_urine_results_bio_c_ethglu_u,,,,,,,,,,,,,,,c_ethglu_u,bio_bm_biosample_urine_results,Biological Mother,Core
,,,Candidate,String,Unit for Confirmatory test in urine: ethylgluc-0100,Unchanged,BioSpecimens,Item,Nominal,Text,USDTL Urine Toxicology results,,bio_bm_biosample_urine_results_bio_c_ethglu_unit_u,,,,,,,,,,,,,,,c_ethglu_unit_u,bio_bm_biosample_urine_results,Biological Mother,Core
,,,Candidate,String,Confirmatory test in urine: ethylsul-100 (categorical) (etgeia),Unchanged,BioSpecimens,Item,Nominal,Text,USDTL Urine Toxicology results,,bio_bm_biosample_urine_results_bio_c_ethsyl_u_cat,"['NULL', 1, 0, 3, 4]","['""""', '""Positive""', '""Negative""', '""Cancelled""', '""Screen negative""']",,,,,,,,,,,,,c_ethsyl_u_cat,bio_bm_biosample_urine_results,Biological Mother,Core
,,,Candidate,Integer,Confirmatory test in urine: ethylsul-100 (etgeia),Unchanged,BioSpecimens,Item,Discrete,Text,USDTL Urine Toxicology results,,bio_bm_biosample_urine_results_bio_c_ethsyl_u,,,,,,,,,,,,,,,c_ethsyl_u,bio_bm_biosample_urine_results,Biological Mother,Core
,,,Candidate,String,Unit for Confirmatory test in urine: ethylsul-100,Unchanged,BioSpecimens,Item,Nominal,Text,USDTL Urine Toxicology results,,bio_bm_biosample_urine_results_bio_c_ethsyl_unit_u,,,,,,,,,,,,,,,c_ethsyl_unit_u,bio_bm_biosample_urine_results,Biological Mother,Core
,,,Candidate,String,"Any sedative in urine (based on confirmatory results for zolpidem, zolpidem CA)",Unchanged,BioSpecimens,Item,Nominal,Text,USDTL Urine Toxicology results,,bio_bm_biosample_urine_results_bio_c_sedative_u,"['NULL', 1, 0, 3]","['""""', '""Positive""', '""Negative""', '""Invalid""']",,,,,,,,,,,,,c_sedative_u,bio_bm_biosample_urine_results,Biological Mother,Core
,,,Candidate,String,Screening test in urine: sedative (zol),Unchanged,BioSpecimens,Item,Nominal,Text,USDTL Urine Toxicology results,,bio_bm_biosample_urine_results_bio_s_zol_u,"['NULL', 1, 0, 3]","['""""', '""Positive""', '""Negative""', '""Invalid""']",,,,,,,,,,,,,s_zol_u,bio_bm_biosample_urine_results,Biological Mother,Core
,,,Candidate,String,Confirmatory test in urine: zolpidem (categorical) (zol),Unchanged,BioSpecimens,Item,Nominal,Text,USDTL Urine Toxicology results,,bio_bm_biosample_urine_results_bio_c_zol_u_cat,"['NULL', 1, 0, 3, 4]","['""""', '""Positive""', '""Negative""', '""Cancelled""', '""Screen negative""']",,,,,,,,,,,,,c_zol_u_cat,bio_bm_biosample_urine_results,Biological Mother,Core
,,,Candidate,Integer,Confirmatory test in urine: zolpidem (zol),Unchanged,BioSpecimens,Item,Discrete,Text,USDTL Urine Toxicology results,,bio_bm_biosample_urine_results_bio_c_zol_u,,,,,,,,,,,,,,,c_zol_u,bio_bm_biosample_urine_results,Biological Mother,Core
,,,Candidate,String,Unit for Confirmatory test in urine: zolpidem,Unchanged,BioSpecimens,Item,Nominal,Text,USDTL Urine Toxicology results,,bio_bm_biosample_urine_results_bio_c_zol_unit_u,,,,,,,,,,,,,,,c_zol_unit_u,bio_bm_biosample_urine_results,Biological Mother,Core
,,,Candidate,String,Confirmatory test in urine: zolpidem CA (categorical) (zol),Unchanged,BioSpecimens,Item,Nominal,Text,USDTL Urine Toxicology results,,bio_bm_biosample_urine_results_bio_c_zolc_u_cat,"['NULL', 1, 0, 3, 4]","['""""', '""Positive""', '""Negative""', '""Cancelled""', '""Screen negative""']",,,,,,,,,,,,,c_zolc_u_cat,bio_bm_biosample_urine_results,Biological Mother,Core
,,,Candidate,Integer,Confirmatory test in urine: zolpidem CA (zol),Unchanged,BioSpecimens,Item,Discrete,Text,USDTL Urine Toxicology results,,bio_bm_biosample_urine_results_bio_c_zolc_u,,,,,,,,,,,,,,,c_zolc_u,bio_bm_biosample_urine_results,Biological Mother,Core
,,,Candidate,String,Unit for Confirmatory test in urine: zolpidem CA,Unchanged,BioSpecimens,Item,Nominal,Text,USDTL Urine Toxicology results,,bio_bm_biosample_urine_results_bio_c_zolc_unit_u,,,,,,,,,,,,,,,c_zolc_unit_u,bio_bm_biosample_urine_results,Biological Mother,Core
,,,Candidate,String,"Any dissociative anesthetics in urine (based on confirmatory results for ketamine, norketamine and PCP)",Unchanged,BioSpecimens,Item,Nominal,Text,USDTL Urine Toxicology results,,bio_bm_biosample_urine_results_bio_c_disanesth_u,"['NULL', 1, 0, 3]","['""""', '""Positive""', '""Negative""', '""Invalid""']",,,,,,,,,,,,,c_disanesth_u,bio_bm_biosample_urine_results,Biological Mother,Core
,,,Candidate,String,Screening test in urine: ketamine (ket),Unchanged,BioSpecimens,Item,Nominal,Text,USDTL Urine Toxicology results,,bio_bm_biosample_urine_results_bio_s_ket_u,"['NULL', 1, 0, 3]","['""""', '""Positive""', '""Negative""', '""Invalid""']",,,,,,,,,,,,,s_ket_u,bio_bm_biosample_urine_results,Biological Mother,Core
,,,Candidate,String,Confirmatory test in urine: ketamine (categorical) (ket),Unchanged,BioSpecimens,Item,Nominal,Text,USDTL Urine Toxicology results,,bio_bm_biosample_urine_results_bio_c_ket_u_cat,"['NULL', 1, 0, 3, 4]","['""""', '""Positive""', '""Negative""', '""Cancelled""', '""Screen negative""']",,,,,,,,,,,,,c_ket_u_cat,bio_bm_biosample_urine_results,Biological Mother,Core
,,,Candidate,Integer,Confirmatory test in urine: ketamine (ket),Unchanged,BioSpecimens,Item,Discrete,Text,USDTL Urine Toxicology results,,bio_bm_biosample_urine_results_bio_c_ket_u,,,,,,,,,,,,,,,c_ket_u,bio_bm_biosample_urine_results,Biological Mother,Core
,,,Candidate,String,Unit for Confirmatory test in urine: ketamine,Unchanged,BioSpecimens,Item,Nominal,Text,USDTL Urine Toxicology results,,bio_bm_biosample_urine_results_bio_c_ket_unit_u,,,,,,,,,,,,,,,c_ket_unit_u,bio_bm_biosample_urine_results,Biological Mother,Core
,,,Candidate,String,Confirmatory test in urine: norketamine (categorical) (ket),Unchanged,BioSpecimens,Item,Nominal,Text,USDTL Urine Toxicology results,,bio_bm_biosample_urine_results_bio_c_nket_u_cat,"['NULL', 1, 0, 3, 4]","['""""', '""Positive""', '""Negative""', '""Cancelled""', '""Screen negative""']",,,,,,,,,,,,,c_nket_u_cat,bio_bm_biosample_urine_results,Biological Mother,Core
,,,Candidate,Integer,Confirmatory test in urine: norketamine (ket),Unchanged,BioSpecimens,Item,Discrete,Text,USDTL Urine Toxicology results,,bio_bm_biosample_urine_results_bio_c_nket_u,,,,,,,,,,,,,,,c_nket_u,bio_bm_biosample_urine_results,Biological Mother,Core
,,,Candidate,String,Unit for Confirmatory test in urine: norketamine,Unchanged,BioSpecimens,Item,Nominal,Text,USDTL Urine Toxicology results,,bio_bm_biosample_urine_results_bio_c_nket_unit_u,,,,,,,,,,,,,,,c_nket_unit_u,bio_bm_biosample_urine_results,Biological Mother,Core
,,,Candidate,String,Screening test in urine: phencyclidine (pcp),Unchanged,BioSpecimens,Item,Nominal,Text,USDTL Urine Toxicology results,,bio_bm_biosample_urine_results_bio_s_pcp_u,"['NULL', 1, 0, 3]","['""""', '""Positive""', '""Negative""', '""Invalid""']",,,,,,,,,,,,,s_pcp_u,bio_bm_biosample_urine_results,Biological Mother,Core
,,,Candidate,String,Confirmatory test in urine: PCP (categorical) (pcp),Unchanged,BioSpecimens,Item,Nominal,Text,USDTL Urine Toxicology results,,bio_bm_biosample_urine_results_bio_c_pcp_u_cat,"['NULL', 1, 0, 3, 4]","['""""', '""Positive""', '""Negative""', '""Cancelled""', '""Screen negative""']",,,,,,,,,,,,,c_pcp_u_cat,bio_bm_biosample_urine_results,Biological Mother,Core
,,,Candidate,Integer,Confirmatory test in urine: PCP (pcp),Unchanged,BioSpecimens,Item,Discrete,Text,USDTL Urine Toxicology results,,bio_bm_biosample_urine_results_bio_c_pcp_u,,,,,,,,,,,,,,,c_pcp_u,bio_bm_biosample_urine_results,Biological Mother,Core
,,,Candidate,String,Unit for Confirmatory test in urine: PCP,Unchanged,BioSpecimens,Item,Nominal,Text,USDTL Urine Toxicology results,,bio_bm_biosample_urine_results_bio_c_pcp_unit_u,,,,,,,,,,,,,,,c_pcp_unit_u,bio_bm_biosample_urine_results,Biological Mother,Core
,,,Candidate,String,Any nicotine in urine (based on screen-only results for cotinine),Unchanged,BioSpecimens,Item,Nominal,Text,USDTL Urine Toxicology results,,bio_bm_biosample_urine_results_bio_c_nicotine_u,"['NULL', 1, 0, 3]","['""""', '""Positive""', '""Negative""', '""Invalid""']",,,,,,,,,,,,,c_nicotine_u,bio_bm_biosample_urine_results,Biological Mother,Core
,,,Candidate,Integer,Screen only test in urine: cotinine,Unchanged,BioSpecimens,Item,Discrete,Text,USDTL Urine Toxicology results,,bio_bm_biosample_urine_results_bio_c_cot_u,,,,,,,,,,,,,,,c_cot_u,bio_bm_biosample_urine_results,Biological Mother,Core
,,,Candidate,String,Unit for Screen only test in urine: cotinine,Unchanged,BioSpecimens,Item,Nominal,Text,USDTL Urine Toxicology results,,bio_bm_biosample_urine_results_bio_c_cot_unit_u,,,,,,,,,,,,,,,c_cot_unit_u,bio_bm_biosample_urine_results,Biological Mother,Core
,,,Candidate,Float,Creatinine,Unchanged,BioSpecimens,Item,Continuous,Text,USDTL Urine Toxicology results,,bio_bm_biosample_urine_results_bio_creat_u,,,,,,,,,,,,,,,creat_u,bio_bm_biosample_urine_results,Biological Mother,Core
,,,Candidate,String,Units for Creatinine,Unchanged,BioSpecimens,Item,Nominal,Text,USDTL Urine Toxicology results,,bio_bm_biosample_urine_results_bio_creat_u_units,,,,,,,,,,,,,,,creat_u_units,bio_bm_biosample_urine_results,Biological Mother,Core
,,,Candidate,Float,Specific gravity,Unchanged,BioSpecimens,Item,Continuous,Text,USDTL Urine Toxicology results,,bio_bm_biosample_urine_results_bio_spg_u,,,,,,,,,,,,,,,spg_u,bio_bm_biosample_urine_results,Biological Mother,Core
,,,Candidate,String,Units for Specific gravity,Unchanged,BioSpecimens,Item,Nominal,Text,USDTL Urine Toxicology results,,bio_bm_biosample_urine_results_bio_spg_u_units,,,,,,,,,,,,,,,spg_u_units,bio_bm_biosample_urine_results,Biological Mother,Core
,,,Candidate,Date,Collection date,Unchanged,BioSpecimens,Item,Continuous,Text,USDTL Urine Toxicology results,,bio_bm_biosample_urine_results_bio_collect_date,,,,,,,,,,,,,,,collect_date,bio_bm_biosample_urine_results,Biological Mother,Core
,,,Candidate,Date,Received date,Unchanged,BioSpecimens,Item,Continuous,Text,USDTL Urine Toxicology results,,bio_bm_biosample_urine_results_bio_receive_date,,,,,,,,,,,,,,,receive_date,bio_bm_biosample_urine_results,Biological Mother,Core
,,,Candidate,Date,Report date,Unchanged,BioSpecimens,Item,Continuous,Text,USDTL Urine Toxicology results,,bio_bm_biosample_urine_results_bio_report_date,,,,,,,,,,,,,,,report_date,bio_bm_biosample_urine_results,Biological Mother,Core
